:020000040800F2
:10000000005000203985000899850008998500086E
:10001000998500089985000899850008000000006E
:1000200000000000000000000000000099850008AA
:10003000998500080000000099850008FB770008FA
:100040009985000899850008998500089985000818
:100050009985000899850008E9780008EF7800087C
:10006000F5780008FB7800080179000899850008F8
:1000700099850008998500089985000899850008E8
:1000800099850008998500089985000899850008D8
:100090009985000899850008998500080779000866
:1000A000998500081D7400089985000831740008BE
:1000B00035740008497400085D740008A542000802
:1000C000B1420008BD420008C942000899850008F5
:1000D0009985000895840008AD840008C98400084B
:1000E0001D79000899850008998500080000000026
:1000F0000000000000000000000000000000000000
:0C01000000000000000000005FF808F1A3
:10011000034613F8012B002AFBD1181A0138704747
:1001200081F0004102E000BF83F0004330B54FEAA8
:1001300041044FEA430594EA050F08BF90EA020F15
:100140001FBF54EA000C55EA020C7FEA645C7FEAA8
:10015000655C00F0E2804FEA5454D4EB5555B8BFCB
:100160006D420CDD2C4480EA020281EA030382EA3C
:10017000000083EA010180EA020281EA0303362DCE
:1001800088BF30BD11F0004F4FEA01314FF4801CA1
:100190004CEA113102D0404261EB410113F0004FB3
:1001A0004FEA03334CEA133302D0524263EB43036A
:1001B00094EA050F00F0A780A4F10104D5F1200E08
:1001C0000DDB02FA0EFC22FA05F2801841F1000163
:1001D00003FA0EF2801843FA05F359410EE0A5F137
:1001E00020050EF1200E012A03FA0EFC28BF4CF068
:1001F000020C43FA05F3C01851EBE37101F000451E
:1002000007D54FF0000EDCF1000C7EEB00006EEB2A
:100210000101B1F5801F1BD3B1F5001F0CD34908B4
:100220005FEA30004FEA3C0C04F101044FEA44520B
:1002300012F5800F80F09A80BCF1004F08BF5FEA92
:10024000500C50F1000041EB045141EA050130BD72
:100250005FEA4C0C404141EB0101013C28BFB1F584
:10026000801FE9D291F0000F04BF01460020B1FACF
:1002700081F308BF2033A3F10B03B3F120020CDAA2
:100280000C3208DD02F1140CC2F10C0201FA0CF080
:1002900021FA02F10CE002F11402D8BFC2F1200CE5
:1002A00001FA02F120FA0CFCDCBF41EA0C0190409B
:1002B000E41AA2BF01EB0451294330BD6FEA0404E4
:1002C0001F3C1CDA0C340EDC04F11404C4F12002CF
:1002D00020FA04F001FA02F340EA030021FA04F3E1
:1002E00045EA030130BDC4F10C04C4F1200220FA38
:1002F00002F001FA04F340EA0300294630BD21FA76
:1003000004F0294630BD94F0000F83F4801306BF3B
:1003100081F480110134013D4EE77FEA645C18BF2F
:100320007FEA655C29D094EA050F08BF90EA020FC6
:1003300005D054EA000C04BF1946104630BD91EABE
:10034000030F1EBF0021002030BD5FEA545C05D1C1
:100350004000494128BF41F0004130BD14F5800400
:100360003CBF01F5801130BD01F0004545F0FE4174
:1003700041F470014FF0000030BD7FEA645C1ABFA9
:10038000194610467FEA655C1CBF0B46024650EAE0
:10039000013406BF52EA033591EA030F41F400210C
:1003A00030BD00BF90F0000F04BF0021704730B592
:1003B0004FF4806404F132044FF000054FF0000167
:1003C00050E700BF90F0000F04BF0021704730B528
:1003D0004FF4806404F1320410F0004548BF4042FD
:1003E0004FF000013EE700BF42004FEAE2014FEA52
:1003F00031014FEA02701FBF12F07F4393F07F4F2D
:1004000081F06051704732F07F4208BF704793F02F
:100410007F4F04BF41F40021704730B54FF4607442
:1004200001F0004521F000411CE700BF50EA010245
:1004300008BF704730B54FF000050AE050EA0102EE
:1004400008BF704730B511F0004502D5404261EB5E
:1004500041014FF4806404F132045FEA915C3FF49F
:10046000D8AE4FF003025FEADC0C18BF03325FEA3C
:10047000DC0C18BF033202EBDC02C2F1200300FAED
:1004800003FC20FA02F001FA03FE40EA0E0021FA12
:1004900002F11444BDE600BF70B54FF0FF0C4CF400
:1004A000E06C1CEA11541DBF1CEA135594EA0C0FB2
:1004B00095EA0C0F00F0DEF82C4481EA030621EAED
:1004C0004C5123EA4C5350EA013518BF52EA033528
:1004D00041F4801143F4801338D0A0FB02CE4FF0DA
:1004E0000005E1FB02E506F00042E0FB03E54FF00A
:1004F0000006E1FB03569CF0000F18BF4EF0010E02
:10050000A4F1FF04B6F5007F64F5407404D25FEAFD
:100510004E0E6D4146EB060642EAC62141EA5551B0
:100520004FEAC52040EA5E504FEACE2EB4F1FD0CF2
:1005300088BFBCF5E06F1ED8BEF1004F08BF5FEA70
:10054000500E50F1000041EB045170BD06F0004622
:1005500046EA010140EA020081EA0301B4EB5C04CF
:10056000C2BFD4EB0C0541EA045170BD41F48011C7
:100570004FF0000E013C00F3AB8014F1360FDEBFEC
:10058000002001F0004170BDC4F10004203C35DAC8
:100590000C341BDC04F11404C4F1200500FA05F34B
:1005A00020FA04F001FA05F240EA020001F00042EC
:1005B00021F0004110EBD37021FA04F642EB060162
:1005C0005EEA430E08BF20EAD37070BDC4F10C048C
:1005D000C4F1200500FA04F320FA05F001FA04F250
:1005E00040EA020001F0004110EBD37041F100013C
:1005F0005EEA430E08BF20EAD37070BDC4F1200547
:1006000000FA05F24EEA020E20FA04F301FA05F2AE
:1006100043EA020321FA04F001F0004121FA04F256
:1006200020EA020000EBD3705EEA430E08BF20EA26
:10063000D37070BD94F0000F0FD101F00046400060
:1006400041EB010111F4801F08BF013CF7D041EAE2
:10065000060195F0000F18BF704703F000465200E6
:1006600043EB030313F4801F08BF013DF7D043EAB7
:100670000603704794EA0C0F0CEA135518BF95EA6D
:100680000C0F0CD050EA410618BF52EA4306D1D1F4
:1006900081EA030101F000414FF0000070BD50EA13
:1006A000410606BF1046194652EA430619D094EA9D
:1006B0000C0F02D150EA013613D195EA0C0F05D187
:1006C00052EA03361CBF104619460AD181EA0301DB
:1006D00001F0004141F0FE4141F470014FF0000093
:1006E00070BD41F0FE4141F4780170BD70B54FF02E
:1006F000FF0C4CF4E06C1CEA11541DBF1CEA1355AE
:1007000094EA0C0F95EA0C0F00F0A7F8A4EB05048F
:1007100081EA030E52EA03354FEA013100F0888086
:100720004FEA03334FF0805545EA131343EA12634F
:100730004FEA022245EA111545EA10654FEA002604
:100740000EF000419D4208BF964244F1FD0404F5BD
:10075000407402D25B084FEA3202B61A65EB030519
:100760005B084FEA32024FF480104FF4002CB6EBD6
:10077000020E75EB030E22BFB61A754640EA0C0056
:100780005B084FEA3202B6EB020E75EB030E22BF96
:10079000B61A754640EA5C005B084FEA3202B6EBD7
:1007A000020E75EB030E22BFB61A754640EA9C0096
:1007B0005B084FEA3202B6EB020E75EB030E22BF66
:1007C000B61A754640EADC0055EA060E18D04FEA24
:1007D000051545EA16754FEA06164FEAC30343EAC4
:1007E00052734FEAC2025FEA1C1CC0D111F4801F91
:1007F0000BD141EA00014FF000004FF0004CB6E78A
:1008000011F4801F04BF01430020B4F1FD0C88BF28
:10081000BCF5E06F3FF6AFAEB5EB030C04BFB6EB33
:10082000020C5FEA500C50F1000041EB045170BD26
:100830000EF0004E4EEA113114EB5C04C2BFD4EB53
:100840000C0541EA045170BD41F480114FF0000ED7
:10085000013C90E645EA060E8DE60CEA135594EA53
:100860000C0F08BF95EA0C0F3FF43BAF94EA0C0F56
:100870000AD150EA01347FF434AF95EA0C0F7FF4CB
:1008800025AF104619462CE795EA0C0F06D152EA1F
:1008900003353FF4FDAE1046194622E750EA410603
:1008A00018BF52EA43067FF4C5AE50EA41047FF414
:1008B0000DAF52EA43057FF4EBAE12E74FF0FF3C79
:1008C00006E000BF4FF0010C02E000BF4FF0010C4A
:1008D0004DF804CD4FEA410C7FEA6C5C4FEA430CC3
:1008E00018BF7FEA6C5C1BD001B050EA410C0CBF12
:1008F00052EA430C91EA030F02BF90EA020F002074
:10090000704710F1000F91EA030F58BF994208BFDA
:1009100090422CBFD8176FEAE37040F00100704797
:100920004FEA410C7FEA6C5C02D150EA013C07D1EE
:100930004FEA430C7FEA6C5CD6D152EA033CD3D039
:100940005DF8040B704700BF8446104662468C4633
:100950001946634600E000BF01B5FFF7B7FF002866
:1009600048BF10F1000F01BD4DF808EDFFF7F4FF8F
:100970000CBF012000205DF808FB00BF4DF808ED1A
:10098000FFF7EAFF34BF012000205DF808FB00BF3D
:100990004DF808EDFFF7E0FF94BF012000205DF85F
:1009A00008FB00BF4DF808EDFFF7CEFF94BF012014
:1009B00000205DF808FB00BF4DF808EDFFF7C4FF0D
:1009C00034BF012000205DF808FB00BF4FEA410C56
:1009D0007FEA6C5C02D150EA013C0AD14FEA430C39
:1009E0007FEA6C5C02D152EA033C02D14FF0000076
:1009F00070474FF0010070474FEA410212F50012B4
:100A000015D211D56FF47873B3EB625212D94FEA55
:100A1000C12343F0004343EA505311F0004F23FA3F
:100A200002F018BF404270474FF00000704750EA94
:100A3000013005D111F0004008BF6FF00040704751
:100A40004FF00000704700BF4A0011D212F50012AB
:100A500011D20DD56FF47873B3EB62520ED44FEA16
:100A6000C12343F0004343EA505323FA02F0704796
:100A70004FF00000704750EA013002D14FF0FF30D4
:100A800070474FF0000070474FEA4102B2F1E04377
:100A900024BFB3F5001CDCF1FE5C0DD901F0004C65
:100AA0004FEAC0024CEA5070B2F1004F40EB8300B5
:100AB00008BF20F00100704711F0804F21D113F1E1
:100AC0003872BCBF01F00040704741F480114FEA1A
:100AD0005252C2F11802C2F1200C10FA0CF320FAA3
:100AE00002F018BF40F001004FEAC1234FEAD323C0
:100AF00003FA0CFC40EA0C0023FA02F34FEA43032A
:100B0000CCE77FEA625307D150EA01331EBF4FF0B2
:100B1000FE4040F44000704701F0004040F0FE40CD
:100B200040F40000704700BF80F0004002E000BFCA
:100B300081F0004142001FBF5FEA410392EA030FC8
:100B40007FEA226C7FEA236C6AD04FEA1262D2EB12
:100B50001363C1BFD218414048404140B8BF5B4217
:100B6000192B88BF704710F0004F40F4000020F0B0
:100B70007F4018BF404211F0004F41F4000121F0C6
:100B80007F4118BF494292EA030F3FD0A2F1010210
:100B900041FA03FC10EB0C00C3F1200301FA03F14E
:100BA00000F0004302D5494260EB4000B0F5000F71
:100BB00013D3B0F1807F06D340084FEA310102F130
:100BC0000102FE2A51D2B1F1004F40EBC25008BFE2
:100BD00020F0010040EA03007047490040EB0000AC
:100BE000013A28BFB0F5000FEDD2B0FA80FCACF1AD
:100BF000080CB2EB0C0200FA0CF0AABF00EBC250DA
:100C000052421843BCBFD0401843704792F0000FC7
:100C100081F4000106BF80F400000132013BB5E71A
:100C20004FEA41037FEA226C18BF7FEA236C21D090
:100C300092EA030F04D092F0000F08BF08467047F5
:100C400090EA010F1CBF0020704712F07F4F04D1C3
:100C5000400028BF40F00040704712F100723CBFD6
:100C600000F50000704700F0004343F0FE4040F400
:100C7000000070477FEA226216BF08467FEA2363BE
:100C80000146420206BF5FEA412390EA010F40F4A9
:100C9000800070474FF0000304E000BF10F00043F5
:100CA00048BF40425FEA000C08BF704743F09643DC
:100CB00001464FF000001CE050EA010208BF7047F7
:100CC0004FF000030AE000BF50EA010208BF70477E
:100CD00011F0004302D5404261EB41015FEA010C93
:100CE00002BF84460146002043F0B64308BFA3F18B
:100CF0008053A3F50003BCFA8CF2083AA3EBC2536D
:100D000010DB01FA02FC634400FA02FCC2F120028B
:100D1000BCF1004F20FA02F243EB020008BF20F0C2
:100D20000100704702F1200201FA02FCC2F1200228
:100D300050EA4C0021FA02F243EB020008BF20EA1D
:100D4000DC7070474FF0FF0C1CEAD0521EBF1CEA4B
:100D5000D15392EA0C0F93EA0C0F6FD01A4480EA39
:100D6000010C400218BF5FEA41211ED04FF0006322
:100D700043EA501043EA5111A0FB01310CF000404E
:100D8000B1F5000F3EBF490041EAD3715B0040EA74
:100D9000010062F17F02FD2A1DD8B3F1004F40EB44
:100DA000C25008BF20F00100704790F0000F0CF017
:100DB000004C08BF49024CEA502040EA51207F3ADB
:100DC000C2BFD2F1FF0340EAC250704740F40000B6
:100DD0004FF00003013A5DDC12F1190FDCBF00F0A7
:100DE00000407047C2F10002410021FA02F1C2F155
:100DF000200200FA02FC5FEA310040F1000053EAF1
:100E00004C0308BF20EADC70704792F0000F00F03E
:100E1000004C02BF400010F4000F013AF9D040EA44
:100E20000C0093F0000F01F0004C02BF490011F4D8
:100E3000000F013BF9D041EA0C018FE70CEAD153D6
:100E400092EA0C0F18BF93EA0C0F0AD030F0004C56
:100E500018BF31F0004CD8D180EA010000F000400A
:100E6000704790F0000F17BF90F0004F084691F0C8
:100E7000000F91F0004F14D092EA0C0F01D1420202
:100E80000FD193EA0C0F03D14B0218BF084608D1CB
:100E900080EA010000F0004040F0FE4040F4000015
:100EA000704740F0FE4040F4400070474FF0FF0CA8
:100EB0001CEAD0521EBF1CEAD15392EA0C0F93EAEF
:100EC0000C0F69D0A2EB030280EA010C49024FEA41
:100ED000402037D04FF0805343EA111143EA1013FA
:100EE0000CF000408B4238BF5B0042F17D024FF4B2
:100EF000000C8B4224BF5B1A40EA0C00B3EB510F8D
:100F000024BFA3EB510340EA5C00B3EB910F24BF75
:100F1000A3EB910340EA9C00B3EBD10F24BFA3EBFA
:100F2000D10340EADC001B0118BF5FEA1C1CE0D1C2
:100F3000FD2A3FF650AF8B4240EBC25008BF20F075
:100F4000010070470CF0004C4CEA50207F32C2BFC9
:100F5000D2F1FF0340EAC250704740F400004FF066
:100F60000003013A37E792F0000F00F0004C02BF97
:100F7000400010F4000F013AF9D040EA0C0093F061
:100F8000000F01F0004C02BF490011F4000F013BBB
:100F9000F9D041EA0C0195E70CEAD15392EA0C0F23
:100FA00008D142027FF47DAF93EA0C0F7FF470AF5B
:100FB000084676E793EA0C0F04D14B023FF44CAF9E
:100FC00008466EE730F0004C18BF31F0004CCAD133
:100FD00030F000427FF45CAF31F000437FF43CAF6F
:100FE0005FE700BF4FF0FF3C06E000BF4FF0010C91
:100FF00002E000BF4FF0010C4DF804CD4FEA400273
:101000004FEA41037FEA226C18BF7FEA236C11D0BC
:1010100001B052EA530C18BF90EA010F58BFB2EB6F
:10102000030088BFC81738BF6FEAE17018BF40F0EF
:10103000010070477FEA226C02D15FEA402C05D1A3
:101040007FEA236CE4D15FEA412CE1D05DF8040B28
:10105000704700BF844608466146FFE70FB5FFF7BB
:10106000C9FF002848BF10F1000F0FBD4DF808ED73
:10107000FFF7F4FF0CBF012000205DF808FB00BF64
:101080004DF808EDFFF7EAFF34BF012000205DF8BE
:1010900008FB00BF4DF808EDFFF7E0FF94BF01200B
:1010A00000205DF808FB00BF4DF808EDFFF7D2FF08
:1010B00094BF012000205DF808FB00BF4DF808ED4B
:1010C000FFF7C8FF34BF012000205DF808FB00BF18
:1010D0004FEA4002B2F1FE4F0FD34FF09E03B3EB45
:1010E00012620DD94FEA002343F0004310F0004F85
:1010F00023FA02F018BF404270474FF000007047DB
:1011000012F1610F01D1420205D110F0004008BF79
:101110006FF0004070474FF00000704742000ED261
:10112000B2F1FE4F0BD34FF09E03B3EB126209D422
:101130004FEA002343F0004323FA02F070474FF0D8
:101140000000704712F1610F01D1420202D14FF04D
:10115000FF3070474FF00000704700BF53B94AB9E5
:10116000002908BF00281CBF4FF0FF314FF0FF30AF
:1011700000F00CB8ADF1080C6DE904CE09F0CAFE20
:10118000DDF804E0DDE9022304B07047704700BFDA
:1011900010B5054C237833B9044B13B10448AFF3B1
:1011A00000800123237010BD5401002000000000C6
:1011B000D0B1000808B5034B1BB103490348AFF396
:1011C000008008BD0000000058010020D0B10008D8
:1011D000012108B5074B1F20197007F005FE064BCB
:1011E000186807F07DFEBDE8084000211F2007F0C9
:1011F000FBBD00BF82010020BC000020012108B51A
:10120000074B1F20197007F0EFFD064B186807F019
:1012100067FEBDE8084000211F2007F0E5BD00BFC4
:1012200081010020BC000020836810B5044613B182
:10123000032201469847204610BD00002DE9F047E3
:101240000546894690461E46FFF742FF0446FFF7D3
:1012500025FD01462846FFF76BFC00252E4F45452E
:1012600030DBFFF735FF002705464FF0300A3046E8
:10127000FEF74EFFB8422AD86CB32046FFF7A2F81B
:1012800008F07EFB0022254BFEF750FF08F020FC03
:10129000FFF7B2FB82460AEB0807A9EB07073021EC
:1012A000304627EAE77207F069FFBCB92E2357449E
:1012B0007A1CF119F35505BB0023324402F80830BB
:1012C000BDE8F0873946FFF73DFD0135C7E706F871
:1012D00007A00137CBE74FF0010ADCE70A220AF149
:1012E000FF33F019002BE1DB94FBF2F102FB114418
:1012F0003034C4540C46013BF4E70A2008F1FF33B4
:101300000131002BD8DB95FBF0F400FB1455303590
:10131000CD542546013BF4E7000020410000F03F9A
:1013200073B5514D06224FF41651504807F0F8FAA4
:10133000284600230222102102F054F84FF4D07303
:101340004B4800244360032642F2107306701522B6
:10135000CDE900344749484B01F081FE214628463B
:10136000464A02F047F928460121454A02F042F96F
:1013700028460221434A02F03DF931462846424AB6
:1013800002F038F928460421404A02F033F9284691
:1013900005213F4A02F02EF922462146284602F056
:1013A00003F828463B4907F047FB0122214628461F
:1013B00001F0FAFF2846384907F03EFB01210C20D6
:1013C00007F0B4FC0121084607F0B0FC0121C2205F
:1013D00007F0ACFC0121C32007F0A8FC01211E206E
:1013E00007F0A4FC01211F2007F0A0FC2146C22029
:1013F00007F0FAFC2146C32007F0F6FC21461E2028
:1014000007F0F2FC01211F2007F0EEFC214601202D
:1014100007F0EAFC21460C2007F0E6FC22460121F9
:101420001E4802F002F9224601211D4802F0FDF893
:101430001C4802F077FA02F04EF91B491B4802F0F3
:101440006EFF1B491B4802F06AFF4FF42F7007F034
:1014500047FD21461F2007F0C7FC284602B0BDE823
:10146000704001F087BF00BF78020020E004002038
:10147000A40100203800002040679A0EB40000202C
:10148000AC000020A40000209C000020940000205C
:101490008C000020E8B10008F8B1000874020020B8
:1014A00070020020C0000020D1110008300200208E
:1014B000FD110008F00100200022C0E90022C0E96F
:1014C00002227047F0B50D4616468DB078BB2A4F04
:1014D0003C6834B1204605F09FFEB021204606F05E
:1014E00005F9B02006F000F90446244B196805F010
:1014F000BFFF234B002104A83C601F68FFF7DCFFFF
:10150000002108A8FFF7D8FF08AB029304ABCDE990
:1015100000630C222B463946204606F065F808A8E1
:10152000FFF782FE04A8FFF77FFE0DB0F0BD154F58
:101530003C6834B1204605F06FFEB021204606F02D
:10154000D5F8B02006F0D0F804460F4B196805F026
:101550008FFF0E4B002104A83C601F68FFF7ACFF13
:10156000002108A8FFF7A8FF08AB029304ABCDE960
:10157000006301222B46CEE7880100209C01002059
:101580009801002084010020900100208C0100209F
:1015900070B506460846FEF715FF04460D46304670
:1015A000FEF710FF22462B46BDE8704008F01CBA3B
:1015B0007FB506230722CDE9013205230D220093D2
:1015C0000E210423244801F0E1FFC822C921234849
:1015D00002F025F8C622C521214802F020F8214D4D
:1015E00000230122C721204802F074FE1F4C012273
:1015F0000023C4211E4802F06DFE1E4E286B2146BA
:10160000306006F021FC1C4B21461860306806F063
:101610003DFC1A4BC0F3C43018606868184D214671
:10162000286006F011FC174B21461860286806F068
:101630002DFC154BC0F3C4301860144B1868FFF72D
:101640006DFD134B1860134B1868FFF767FD124BC5
:10165000186004B070BD00BF780200207402002042
:1016600070020020ACB700083002002020B500084E
:10167000F0010020A00100209C0100209801002022
:1016800094010020900100208C010020080000201F
:101690007C01002000000020740100202DE9F84F9B
:1016A000642007F01DFC764801F064FE744801F0E8
:1016B0008DFF00227248114601F076FE002170482D
:1016C00001F04EFE00220F216D4801F06DFE012158
:1016D0006B4801F045FE00220121694801F064FEDB
:1016E0006849674807F0A8F901220021644801F021
:1016F0005BFE6549624807F09FF9644802F038FED6
:10170000634802F035FE0024DFF88881DFF888A105
:10171000DFF888B10027B94698F8003088F80090C3
:101720004BB15F4B0A2221465E481F7007F0D9F982
:101730002046BDE8F88F504601F08AFF054658461E
:1017400001F086FF0646514802F012FE504802F0B2
:101750000FFE2DB9002EDFD0534B1B68002BDBDDB5
:1017600001211F2007F040FB4F4B186807F0B8FB22
:1017700000211F2007F038FB002DCDD0102D0AD1FD
:101780000134072C1DD0631E052B1AD8DFE803F0A7
:101790002D4050576705013CF5D200220121384801
:1017A00001F002FE4149364807F046F901220021C6
:1017B000334801F0F9FD3E49314807F03DF9062470
:1017C000A8E7002201212E4801F0EEFD39492C48FE
:1017D00007F032F901220021294801F0E5FD2A49EC
:1017E000274807F029F9002494E700220121244822
:1017F00001F0DAFD3049224807F01EF900210122EC
:101800001F4801F0D1FD20491D4807F015F981E777
:10181000012100221A4801F0C7FD2849184807F0A5
:101820000BF900210122164801F0BEFD2449EBE727
:1018300001210022124801F0B7FD2249EEE7002203
:1018400001210F4801F0B0FD1F490D4807F0F4F8E1
:10185000002101220A4801F0A7FD1C49D4E700221B
:101860000121074801F0A0FD1949054807F0E4F8F7
:1018700000210122024801F097FD1649C4E700BF8C
:101880007802002007B2000813B2000830020020DE
:10189000F00100208201002074020020700200206C
:1018A00081010020E0040020BC000020A3B2000859
:1018B000B0B2000822B2000830B200083EB2000800
:1018C0004CB200085BB2000869B2000875B20008AB
:1018D00085B2000893B200082DE9F04FAD4887B0FB
:1018E00001F048FDAB4801F071FE01220F21A9482B
:1018F00001F05AFD0421A74801F032FD01220D211B
:10190000A44801F051FD0521A24801F029FD002263
:10191000A048114601F048FD9F499E4807F08CF809
:10192000012200219B4801F03FFD9C4E9C499948B3
:1019300007F082F800220521964801F035FD326853
:10194000984902A807F0E0FB02A9924807F078F84E
:101950000122954D11468F4801F026FD0DF1100B27
:101960002868FEF741FD02230622CDF800B007F0FB
:1019700001F95A460723302112F8010B202808BF2D
:1019800002F8011C013BF7D159468248DFF81CA23E
:1019900007F056F801220B217E4801F005FD9AF868
:1019A0000030002B30D082497A4807F049F80122F4
:1019B0000D21784801F0F8FC7E4B1B7833B37E494B
:1019C000744807F03DF87D4802F0D2FC7C4802F0F4
:1019D000CFFC00220C216F4801F0E6FC794B0A2273
:1019E00019686C4807F07BF800244FF0FF37764BFE
:1019F0001B7883B1042F0ED10023734A1370734AEE
:101A0000137007B0BDE8F08F7149CDE7052161483B
:101A100001F0A6FCD7E76F4801F01AFE81466E4838
:101A200001F016FE8046B9F1000F04D178B16B4B7E
:101A30001B68002B0BDD01211F2007F0D5F9674B38
:101A4000186807F04DFA00211F2007F0CDF95F4B11
:101A50001B7883B1012F0ED10134032C2BD0062C1F
:101A6000A8BF0024611C4B480122C9B201F09CFCB4
:101A7000484801F0B5FD544B1B78002B36D0022F9F
:101A80001BD0032F32D101220D21424801F08CFCE2
:101A9000484A137883F001031370002B73D0464932
:101AA0003C4806F0CDFF434B197801B10121C2201B
:101AB00007F09AF91AE00424D4E701220B213548F3
:101AC00001F072FC9AF8003083F001038AF80030CC
:101AD000002B52D036492F4806F0B2FF9AF800107A
:101AE00000294CD000213E4801F015FEB9F1000F4D
:101AF00000F0ED80B9F1100F0CBF013707F1FF378F
:101B0000002F45DB062FA8BF0027224801F05EFD0D
:101B1000002204211F4801F047FC32491D4806F00D
:101B20008FFF012200211B4801F03EFC2D4919487E
:101B300006F086FF01220A21164801F035FC2949EA
:101B4000144806F07DFF01220C21124801F02CFC04
:101B50002449104806F074FF00220B210D4801F0C3
:101B600023FC013F1F490B4806F06AFF042F3BD8B6
:101B7000DFE807F048607E986F001549ABE718482A
:101B800001F0ADFDB2E70521024801F0E9FB8AE76B
:101B90000527BAE778020020C0B200083400002010
:101BA000D0B20008DDB20008300000202C00002078
:101BB000DBB2000880010020E2B200083002002001
:101BC000F001002028000020820100208101002077
:101BD0000FB300087402002070020020BC00002037
:101BE000C000002073B200080421BF48002201F0A9
:101BF000DBFB0221BC4801F0B3FBB8F1000F7BD145
:101C0000002743E001220021B74801F0CDFB02216B
:101C1000B54801F0A5FB611CB3480122C9B201F02F
:101C2000C3FBB14801F0DCFCB8F1000F40F09E802E
:101C300001272BE00A21AC48012201F0B5FB02216B
:101C4000A94801F08DFBB8F1000F40F00381022795
:101C50001CE00B21A448002201F0A6FB0221A248AF
:101C600001F07EFBB8F1000F40F0FE8005270DE08B
:101C70000C219D48012201F097FB02219A4801F0B6
:101C80006FFBB8F1000F40F0458103270023974A0E
:101C900097481370974A137002F06AFB964802F057
:101CA00067FBA4E6904801220F2101F07DFB8E48DE
:101CB00001F096FCB8F1000F07D08B4801220F21EC
:101CC00001F072FB884801F08BFC0427DEE7B8F1D5
:101CD000000FDBD0052FD9D801A353F827F000BFA0
:101CE000F91C00086D1D0008551E0008151F00088E
:101CF000BB1C0008691E0008002205217A4801F07B
:101D000053FB42F20F733268B8F1100F0CBF0A3266
:101D10000A3A9A42A8BF1A46784922EAE27202A811
:101D2000326007F0F1F9704802A906F089FE9AF8CE
:101D30000030002B3FF464AF3068FEF7AFFF70490E
:101D400007462868FEF7FEFF01463846FEF7F2FE1A
:101D5000FFF7E4F96B4B0246186000216A4801F076
:101D6000FBFC0021684801F0D6FC49E701225E48EF
:101D7000114601F019FB022CD4BFC4F10201C4F1D9
:101D80000301B8F1100F4FF00A002F6848D1FFF798
:101D9000FFFB804689463846FEF726FB42464B4607
:101DA000FEF7C4F94FF00008FEF76EFE4146074605
:101DB000FFF766F900283FD0C5F800805B46022295
:101DC00005212868FFF73AFA5946474806F038FED9
:101DD000611C01224448C9B201F0E6FA424801F010
:101DE000FFFB9AF80030002B3FF422AF3068FEF77B
:101DF00055FF434907462868FEF7A4FF01463846C9
:101E0000FEF798FEFFF78AF93E4B02461860002164
:101E10003D4801F0A1FC00213B4801F07CFC07E7B4
:101E2000FFF7B6FB804689463846FEF7DDFA4246A4
:101E30004B46FEF779F9B5E73846FEF7D5FA28A301
:101E4000D3E90023FEF7B8FD08B92F60B6E72F4BA2
:101E50002B60B3E701220A21234801F0A5FA0221F1
:101E6000214801F07DFAF2E6294F0C2100221E489C
:101E700001F09AFA3968B8F1100F0CBF023102393B
:101E800008291DDC0129D8BF08210A22164839601B
:101E900006F025FE3B68023B062B3FF6E7AE01A2AB
:101EA00052F823F0C51E00086D1C0008D11E000862
:101EB0006D1C0008D51E00086D1C0008D91E000806
:101EC0000221E2E7002200210F4801F040FCCDE6AC
:101ED0000122F8E70222F6E70322F4E7AFF30080DD
:101EE00052B81E85EB3F8F4078020020820100200F
:101EF0003002002081010020F0010020DDB2000846
:101F00000024744924000020C00000205CFF7944B4
:101F10002800002001220C21034801F045FA02218B
:101F2000014801F01DFAB0E6780200200000000030
:101F30002DE9F04F964887B001F01CFA944801F063
:101F400045FB01220F21924801F02EFA042190480E
:101F500001F006FA00228E48114601F025FA8D495B
:101F60008B4806F069FD01220021894801F01CFA26
:101F7000DFF824A28949864806F05EFD002205218B
:101F8000834801F011FADAF80020854902A807F029
:101F9000BBF802A97E4806F053FD0122814D11468F
:101FA0007B4801F001FA2868FEF71EFA04AB06220E
:101FB0000093022306F0DEFD0723302104AA12F865
:101FC000010B202808BF02F8011C013BF7D104A92E
:101FD0006F48DFF8D4B106F033FD01220B216C48C5
:101FE00001F0E2F99BF8003023B37049684806F02D
:101FF00027FD6F4802F0BCF96E4E6F4802F0B8F949
:1020000000220C21624801F0CFF90A2231686048B1
:1020100006F065FD00244FF0FF37684B1B785BB17D
:10202000042F09D10023654A1370654A137007B065
:10203000BDE8F08F6349D9E7634801F009FB8146A9
:10204000624801F005FB8046B9F1000F04D178B178
:102050005F4B1B68002B0BDD01211F2006F0C4FE27
:102060005B4B186806F03CFF00211F2006F0BCFE09
:10207000534B1B7883B1012F0ED10134032C6FD049
:10208000062CA8BF0024611C41480122C9B201F0FE
:102090008BF93F4801F0A4FA484B1B78D3B1022FCB
:1020A00018D101220B213A4801F07EF99BF800304B
:1020B00083F001038BF80030002B53D03B493448A8
:1020C00006F0BEFC9BF8003002214248002B4BD0AA
:1020D00001F021FBB9F1000F00F0FE80B9F1100F03
:1020E0000CBF013707F1FF37002F40DB052FA8BFDA
:1020F0000027274801F06AFA00220421244801F051
:1021000053F93549224806F09BFC01220021204862
:1021100001F04AF930491E4806F092FC01220A21DA
:102120001B4801F041F92C49194806F089FC0122AD
:102130000C21174801F038F92749154806F080FCB2
:1021400000220B21124801F02FF9013F22491048CB
:1021500006F076FC032F0CD8DFE807F0407F96A549
:10216000042490E71749AAE701F0B9FAB2E7042777
:10217000BFE704210648002201F016F902210448B5
:1021800001F0EEF8B8F1000F40F0B880002797E0BA
:1021900078020020E4B2000820000020D0B200083D
:1021A000DDB200081C00002018000020DBB200088F
:1021B0003002002014000020F001002082010020E5
:1021C000810100200FB3000874020020700200207B
:1021D000BC000020C000002073B2000801220021D2
:1021E000AF4801F0E1F80221AD4801F0B9F8611CF7
:1021F000AB480122C9B201F0D7F8A94801F0F0F9C3
:10220000B8F1000F00F0FE800122A548114601F050
:10221000CBF8022CD4BFC4F10201C4F10301B8F120
:10222000100F4FF00A002F6840F0A580FFF7B0F9BB
:10223000804689463846FEF7D7F842464B46FDF7BA
:1022400075FFFEF721FC00210746FEF719FF002865
:1022500000F09D8000232B60A4E00A219048012219
:1022600001F0A2F802218E4801F07AF8B8F1000FCF
:1022700008D00A218A48012201F096F802218848F4
:1022800001F06EF802271BE00B218548002201F0C7
:102290008BF80221824801F063F8B8F1000F40F09A
:1022A000B58003270CE07E4801220F2101F07CF865
:1022B0007B4801F095F9B8F1000F40F0E280042767
:1022C0000023784A78481370784A137002F050F867
:1022D000774802F04DF8A0E6B8F1000FF0D0042FD7
:1022E000EED801A353F827F0FD22000809220008C8
:1022F000732200080D240008832400080022052111
:10230000674801F051F842F20F73DAF80020B8F193
:10231000100F0CBF0A320A3A9A42A8BF1A46654902
:1023200022EAE27202A8CAF8002006F0EDFE5C483C
:1023300002A906F085FB9BF80030002B3FF426AF86
:10234000DAF80000FEF7AAFC5B4907462868FEF7AA
:10235000F9FC01463846FEF7EDFBFEF7DFFE574B72
:10236000024618600221564801F0F6F9022154484D
:1023700001F0D1F90AE7FFF70BF9804689463846A4
:10238000FEF732F842464B46FDF7CEFE59E7384697
:10239000FEF72AF840A3D3E90023FEF70DFB00283F
:1023A00032D12F6004AB022205212868FEF746FFD8
:1023B00004A93B4806F044FB611C01223848C9B21D
:1023C00000F0F2FF364801F00BF99BF80030CBB17A
:1023D000DAF80000FEF762FC374907462868FEF786
:1023E000B1FC01463846FEF7A5FBFEF797FE334BDE
:1023F000024602211860324801F0AEF9022130484D
:1024000001F089F901275BE72E4B24E70C2100221C
:10241000234800F0C9FF3168B8F1100F0CBF02313A
:10242000023908291EDC0129D8BF08210A221C48CC
:10243000316006F054FB3368023B062B3FF631AFA8
:1024400001A252F823F000BF69240008A32200086B
:102450006F240008A322000873240008A3220008A8
:102460007F2400080221E1E70022022103E001228B
:10247000FBE702221146124801F069F911E7032235
:10248000F3E701220F21064800F08EFF044801F017
:10249000A7F814E7AFF3008052B81E85EB3F8F40DA
:1024A00078020020820100203002002081010020FB
:1024B000F0010020DDB20008002474491000002063
:1024C000C00000205CFF79442DE9F04FB24887B08E
:1024D00000F050FFB04801F079F801220F21AE481A
:1024E00000F062FF0421AC4800F03AFF0022AA4845
:1024F000114600F059FFA94EA949A74806F0A0FAD5
:1025000000220921A44800F04FFF0A223168A248A6
:1025100006F0E5FAA349A04806F092FA0122092143
:102520009D4800F041FFDFF880A2A0499A4806F0DC
:1025300087FA00220E21984800F036FF9AF8003002
:10254000002B49D09A49944806F07AFA9AF800305C
:10255000984D002B42D098492868FEF7F3FBFEF710
:10256000DDFD964B0146186032680020FEF7AAFF99
:1025700001228948114600F017FF2868FDF734FF53
:1025800003AB08220093032306F0F4FA0924302257
:1025900003AB13F8011B202908BF03F8012C013CF1
:1025A000F7D103A97C4806F04BFA854801F0E0FE1C
:1025B000844801F0DDFE4FF0FF37DFF80CB29BF8E6
:1025C000003083B1032F0ED10023804A8BF80030F6
:1025D000137007B0BDE8F08F7D49B4E701210C20EE
:1025E00006F002FCC4E77B4801F032F881467A48E5
:1025F00001F02EF88046B9F1000F04D178B1774B85
:102600001B68002B0BDD01211F2006F0EDFB734B37
:10261000186806F065FC00211F2006F0E5FB9BF81A
:1026200000301BB3022F21D100220E215A4800F0A6
:10263000BBFE9AF8003083F001038AF80030002BCB
:102640006AD05B49544806F0FBF99AF80030002B39
:1026500064D059492868FEF775FBFEF75FFD574BBC
:102660000146186032680020FEF72CFF574B1B789C
:1026700083B1012F0ED10134042C54D0082CA8BFF3
:102680000024611C44480122C9B200F08DFE42487A
:1026900000F0A6FFB9F1000F00F0A480B9F1100F0F
:1026A0000CBF013707F1FF37002F3EDB042FA8BF17
:1026B0000027394800F08AFF01220021364800F047
:1026C00073FE4749344806F0BBF900220D21324819
:1026D00000F06AFE4249304806F0B2F900220821B3
:1026E0002D4800F061FE3E492B4806F0A9F9022F63
:1026F00048D0032F1BD0012F2DD0082126480022BF
:1027000000F052FE0221244800F02AFEB8F1000F2A
:1027100040F09580002712E02D4993E701210C201D
:1027200006F062FBA2E70524ABE70327C1E71A48DE
:1027300001220F2100F038FE174800F051FF00235E
:10274000224A1F488BF80030137001F011FE1D481B
:1027500001F00EFE31E73A4600210F4800F024FE5A
:1027600002210D4800F0FCFD611C0B483A46C9B23D
:1027700000F01AFE084800F033FFB8F1000F37D11F
:102780000127DCE700220D21034800F00DFE394649
:10279000014800F0E5FDD2E7780200200C0000209F
:1027A000F4B20008FDB2000878010020FFB2000872
:1027B000DBB200080800002000007A447C01002001
:1027C00030020020F0010020820100208101002061
:1027D0000FB300087402002070020020BC0000202B
:1027E00073B20008B8F1000FA9D047B3012FA6D1EA
:1027F00001225348114600F0D7FD032CD4BFC4F189
:102800000301C4F10401B8F1100F4FF00A002F6862
:1028100047D1FEF7BDFE804689463846FDF7E4FD08
:1028200042464B46FDF782FCFEF72EF90021074693
:10283000FEF726FC002840D000232B6047E0002252
:1028400009213F4800F0B0FD3268B8F1100F0CBF0D
:10285000013202F1FF32012A1CDD632AA8BF0022E7
:10286000384902A8326006F04FFC354802A906F04C
:10287000E7F89AF800307BB133492868FEF762FA2E
:10288000FEF74CFC314B0146186032680020FEF721
:1028900019FE3FE76222E3E701210C2006F0A4FACB
:1028A00038E7FEF775FE804689463846FDF79CFD01
:1028B00042464B46FDF738FCB6E73846FDF794FD37
:1028C0001DA3D3E90023FEF777F868BB2F602868C3
:1028D000FDF78AFD03AB07220093032306F04AF9B4
:1028E00003AB032207212868FEF7A8FC03A91448BC
:1028F00006F0A6F8611C01221148C9B200F054FD8F
:102900000F4800F06DFE9AF800307BB10E49286840
:10291000FEF718FAFEF702FC0C4B0146186032680D
:102920000020FEF7CFFD2BE7094B86E701210C20A5
:1029300006F05AFA24E700BF5A643BDFFF87C34022
:102940007802002003B3000800007A447C010020D4
:10295000FF3F1C46000000002DE9F04FB24887B051
:1029600000F008FDB04800F031FE01220F21AE4812
:1029700000F01AFD0421AC4800F0F2FC0022AA4845
:10298000114600F011FDA94EA949A74806F058F8D4
:1029900000220921A44800F007FD0A223168A2485C
:1029A00006F09DF8A349A04806F04AF80122092143
:1029B0009D4800F0F9FCDFF880A2A0499A4806F093
:1029C0003FF800220E21984800F0EEFC9AF8003003
:1029D000002B49D09A49944806F032F89AF8003012
:1029E000984D002B42D098492868FEF7ABF9FEF7C6
:1029F00095FB964B0146186032680120FEF762FD98
:102A000001228948114600F0CFFC2868FDF7ECFC54
:102A100003AB08220093032306F0ACF8092430220C
:102A200003AB13F8011B202908BF03F8012C013C5C
:102A3000F7D103A97C4806F003F8854801F098FC1B
:102A4000844801F095FC4FF0FF37DFF80CB29BF89B
:102A5000003083B1032F0ED10023804A8BF8003061
:102A6000137007B0BDE8F08F7D49B4E70121084637
:102A700006F0BAF9C4E77B4800F0EAFD81467A48DF
:102A800000F0E6FD8046B9F1000F04D178B1774B34
:102A90001B68002B0BDD01211F2006F0A5F9734BED
:102AA000186806F01DFA00211F2006F09DF99BF81A
:102AB00000301BB3022F21D100220E215A4800F012
:102AC00073FC9AF8003083F001038AF80030002B81
:102AD0006AD05B49544805F0B3FF9AF80030002BE8
:102AE00064D059492868FEF72DF9FEF717FB574BBC
:102AF0000146186032680120FEF7E4FC574B1B7852
:102B000083B1012F0ED10134042C54D0082CA8BF5E
:102B10000024611C44480122C9B200F045FC42482F
:102B200000F05EFDB9F1000F00F0A480B9F1100FC4
:102B30000CBF013707F1FF37002F3EDB042FA8BF82
:102B40000027394800F042FD01220021364800F0FC
:102B50002BFC4749344805F073FF00220D21324811
:102B600000F022FC4249304805F06AFF00220821AB
:102B70002D4800F019FC3E492B4805F061FF022F5B
:102B800048D0032F1BD0012F2DD00821264800222A
:102B900000F00AFC0221244800F0E2FBB8F1000F2B
:102BA00040F09580002712E02D4993E70121084667
:102BB00006F01AF9A2E70524ABE70327C1E71A4894
:102BC00001220F2100F0F0FB174800F009FD00235F
:102BD000224A1F488BF80030137001F0C9FB1D48D2
:102BE00001F0C6FB31E73A4600210F4800F0DCFB5C
:102BF00002210D4800F0B4FB611C0B483A46C9B2F3
:102C000000F0D2FB084800F0EBFCB8F1000F37D120
:102C10000127DCE700220D21034800F0C5FB3946FF
:102C2000014800F09DFBD2E778020020040000205C
:102C300008B30008FDB2000870010020FFB20008D0
:102C4000DBB200080000002000007A44740100207C
:102C500030020020F00100208201002081010020CC
:102C60000FB300087402002070020020BC00002096
:102C700073B20008B8F1000FA9D047B3012FA6D155
:102C800001225348114600F08FFB032CD4BFC4F13E
:102C90000301C4F10401B8F1100F4FF00A002F68CE
:102CA00047D1FEF775FC804689463846FDF79CFB08
:102CB00042464B46FDF73AFAFDF7E6FE002107468D
:102CC000FEF7DEF9002840D000232B6047E0002209
:102CD00009213F4800F068FB3268B8F1100F0CBFC3
:102CE000013202F1FF32012A1CDD632AA8BF002253
:102CF000384902A8326006F007FA354802A905F003
:102D00009FFE9AF800307BB133492868FEF71AF825
:102D1000FEF704FA314B0146186032680120FEF7D5
:102D2000D1FB3FE76222E3E70121084606F05CF8A9
:102D300038E7FEF72DFC804689463846FDF754FB00
:102D400042464B46FDF7F0F9B6E73846FDF74CFB37
:102D50001DA3D3E90023FDF72FFE68BB2F60286871
:102D6000FDF742FB03AB07220093032305F002FFAC
:102D700003AB032207212868FEF760FA03A9144871
:102D800005F05EFE611C01221148C9B200F00CFB87
:102D90000F4800F025FC9AF800307BB10E492868F6
:102DA000FDF7D0FFFEF7BAF90C4B01461860326808
:102DB0000120FEF787FB2BE7094B86E70121084638
:102DC00006F012F824E700BF5A643BDFFF87C340D8
:102DD0007802002003B3000800007A447401002048
:102DE000FF3F1C4610B5104800F0C4FAFEF756FC31
:102DF00004460D4800F0BEFA032C13D8DFE804F0B7
:102E000002060A0EBDE81040FEF766BDBDE81040A0
:102E1000FFF78EB8BDE81040FFF756BBBDE8104085
:102E2000FFF79ABD10BD00BF7802002038B51546E7
:102E300000F108040A462046182100F0B1F92046A6
:102E4000EAB2192100F0ACF920462A0A1A2100F052
:102E5000A7F92046BDE838400122252100F0A0B99D
:102E60002DE9F8439946424B074699420C461546D0
:102E700069D9404B994269D93F4B4FF000089942BC
:102E800069D8012206213846FFF7D0FFB8F1000FBC
:102E90005FD04FF4A84201213846FFF7C7FF88F002
:102EA000010676B2A6F10F01C6F10F0306F1110279
:102EB00004FA01F124FA03F3194304FA02F0B8F119
:102EC000000F05D0031841EB0102181841EB020175
:102ED00025A3D3E90023FEF741F9044682B2072176
:102EE0003846FFF7A3FF220A02F47F420821384642
:102EF00042F00802FFF79AFFB9F1020F2FD106F155
:102F00000E03A6F11201C6F1120605FA01F125FA27
:102F100006F6314305FA03F0B8F1000F05D00318A7
:102F200041EB0102181841EB02010FA3D3E9002382
:102F3000FEF714F9C20002F4FF623846BDE8F84318
:102F40000921FFF773BF4FF001089AE74FF000081F
:102F50009FE74FF00108C8F10006F6B2A1E7002292
:102F6000EBE700BFAFF3008080BA8C0100000000E7
:102F700000A3E1110084D7170046C3230378032B75
:102F800004D178220221083000F00AB97047037892
:102F900010B5032B1CD100F10804204680222F21FC
:102FA00000F0FEF82046CA22352100F0F9F820464C
:102FB000EB22362100F0F4F837222046114600F0CB
:102FC000EFF82046BDE810408222382100F0E8B832
:102FD00010BD037810B5032B17D100F1080420466B
:102FE0001022122100F0DCF820460022122100F00D
:102FF000D7F820460722242100F0D2F82046BDE869
:10300000104020221D2100F0CBB810BD38B5037848
:103010001546032B18D100F108040A462046182152
:1030200000F0BEF82046EAB2192100F0B9F82046B7
:10303000C5F307221A2100F0B3F82046BDE8384056
:103040000122252100F0ACB838BD01223D21083015
:1030500000F0A6B802220D21083000F0A1B82DE939
:10306000F047044600F108052846884617461E46E4
:10307000DDF820909DF824A000F030F8284600F0FC
:103080009FF82046FFF7E1FF022005F029FF2046C8
:10309000FFF774FF2046FFF77AFF2046FFF799FFFE
:1030A0000025BD42E9B212D153464A463146204678
:1030B000FFF7D6FE2046FFF7CDFF0021102005F0D8
:1030C00093FEBDE8F0470121102005F02FBE58F80F
:1030D00025202046FFF79AFF0135E2E708B50121D8
:1030E0000F2005F081FE01210F2005F01FFE0121B8
:1030F000102005F079FEBDE808400121102005F000
:1031000015BE00002DE9F0410F200C46012105F00D
:103110006BFE0121102005F009FE0021102005F0B2
:1031200063FE08251B4E1C4F01210F2005F05CFE9D
:10313000DFF8688023064CBF01210021102005F034
:1031400053FED8F800307168B3FBF7F35B00726888
:10315000521A9342FBDC00210F2005F045FED8F8FF
:1031600000307168B3FBF7F35B007268521A934248
:10317000FBDC013D640015F0FF05E4B2D4D1012170
:103180000F2005F031FE2946BDE8F041102005F082
:103190002BBE00BF001000E040420F00FC000020EA
:1031A00038B50446154601F0BF0141F08001FFF734
:1031B000A9FF29462046BDE83840FFF7A3BF00001D
:1031C0002DE9F041012105460F2005F00DFE0121FA
:1031D000102005F0ABFD0021102005F005FE202495
:1031E000194F1A4EDFF8688001210F2005F0FCFD11
:1031F000D8F800307968B3FBF6F35B007A68521AAE
:103200009342FBDC00210F2005F0EEFDD8F80030E2
:103210007968B3FBF6F35B007A68521A9342FBDCE1
:10322000013C14F0FF04DDD101210F2005F0DCFD8D
:103230002146102005F0D8FD22462846BDE8F04181
:103240000D21FFF7ADBF00BF001000E040420F00AE
:10325000FC000020002070477047000070B5174D3B
:1032600000210446807A05F0BFFD2B68144A154EF4
:10327000B3FBF2F2716873685B1A9A42FBDC0121BE
:10328000A07A05F0B1FD2B680D4A7168B3FBF2F22C
:103290000C4E73685B1A9A42FBDC0021A07A05F0A1
:1032A000A3FD074A2B687168B3FBF2F36422534312
:1032B00004484268521A9342FBDC70BDFC000020B7
:1032C00040420F00001000E0F8B504460E4600250D
:1032D00000F10A0746FA05F117F8010F01F00101A4
:1032E000013505F081FD042DF4D12046BDE8F840FC
:1032F000FFF7B4BFF8B504460E46002500F10A07F3
:1033000046FA05F117F8010F01F00101013505F04A
:103310006BFD082DF4D12046BDE8F840FFF79EBFB5
:1033200038B504460D46007A114605F05DFD607A19
:10333000FF2802D0002105F057FDE37CDB0605D510
:1033400029462046BDE83840FFF7D4BF204629096A
:10335000FFF7BAFF29462046BDE83840FFF7B4BF63
:1033600008B50122FFF7DCFF012008BD0022FFF7AE
:10337000D7BF0000012108B5FFF7F8FF074B084A47
:103380001B680849B3FBF2F34FF4FA6253434868F1
:103390004A68121A9342FBDC08BD00BFFC00002003
:1033A00040420F00001000E0032A28BF032208B5A6
:1033B000C37D93429CBF03F1FF33DAB20244137E14
:1033C000194461F07F01C9B2FFF7D0FF08BD08B50D
:1033D000017D41F00402027541F00C01FFF7C6FFC8
:1033E00008BD000070B50446012A88BFC07CA176E4
:1033F00084BF40F00800E0744FF480404031E27533
:103400002083E1762BB1012A02BFE37C43F0040361
:10341000E374207A012105F089FC607AFF2802D04C
:10342000012105F083FC254601216FF0090615F8FE
:103430000A0F05F07BFC361BE37C13F0100F0CBF6A
:103440000422082273199A426ADC4D4D4D4A2B68BA
:103450004D49B3FBF2F34CF25032534348684A688B
:10346000121A9342FBDC0021207A05F0BDFCA07A01
:10347000002105F0B9FC607AFF2802D0002105F098
:10348000B3FCE17C404E11F0100F4FD103212046D8
:10349000FFF71AFF3B4A2B687168B3FBF2F341F266
:1034A000941253437268521A9342FBDC0321204664
:1034B000FFF70AFF334A2B687168B3FBF2F341F25E
:1034C00094125343304E7268521A9342FBDC03212C
:1034D0002046FFF7F9FE2B4A2B687168B3FBF2F325
:1034E0009622534328484268521A9342FBDC022139
:1034F0002046FFF7E9FEE17C204641F02001FFF77E
:1035000035FF042320462375FFF761FF2046FFF7B0
:1035100031FF0223062120466375FFF727FF70BDA8
:10352000012115F8010F05F001FC85E741F02001AC
:103530002046FFF71BFF134A2B687168B3FBF2F3B9
:1035400041F2941253437268521A9342FBDCE17CBD
:10355000204641F02001FFF709FF0A4A2B687168F5
:10356000B3FBF2F39622534307484268521A934240
:10357000FBDCE17C204641F02001FFF7F7FEBAE7D3
:10358000FC00002040420F00001000E070B51D4616
:1035900001720023FF21044682729DF810200A4E1A
:1035A00002739DF81420436042739DF81820066052
:1035B0004172C5728273C373036101221021FFF748
:1035C00011FF204670BD00BF60B3000808B5017D43
:1035D00001F0FD01017541F00801FFF7C7FE08BDCC
:1035E00008B5017D41F00202027541F00A01FFF7C2
:1035F000BDFE08BDC90001F0380170B541F04001C1
:1036000014460546FFF7B2FE661E07342B6816F80F
:10361000011F28461B689847A642F7D170BD8270EB
:10362000002241700270C270704770B504461646A1
:103630000D46407841B1022105F078FB0221A078C7
:1036400005F074FBE67070BD05F070FB2946F6E7E7
:10365000F8B50446C678807805F002FC0746607825
:1036600094F9035005F0FCFB22787E404540064B60
:1036700002F00F0245EA4605EDB203EB8203585D06
:10368000207000F03000F8BD70B30008F8B50746B0
:1036900016460D46094C6021204600F093F9394644
:1036A000204600F0E8F932462946204600F004FAA8
:1036B0002046BDE8F84000F0ABBA00BF94020020FD
:1036C00007B501228DF807100DF10701FFF7DEFFA6
:1036D00003B05DF804FBA021B120FFF7F1BF38B5BE
:1036E000044601F110000D46C0B28021FFF7E8FF4B
:1036F00000232C44637538BD10B504460021FFF744
:10370000EEFF20460121FFF7EAFF2046BDE810400A
:103710000221FFF7E4BF70B50C1E14BF6C214C21D1
:103720000619337A0546194404F11000C9B2C0B233
:10373000FFF7C6FF012C06D102212846FFF7CFFF75
:103740000123737570BD022CFAD10121F5E74318EE
:103750001A72FFF7E0BF00002DE9FF41544C054607
:10376000B4FBF2F40123B4F5617F16D85A43E007A5
:1037700048BF04F1FF34102B04FB02F200F08B80F1
:103780007DD8581EC6B2072E0CD807280AD8DFE805
:1037900000F08408097E090909805B00DBB2640837
:1037A000E1E71023686804F10076B2FBF0F700FB54
:1037B000172252094FEA501CD201B2FBFCF80CFB55
:1037C00018225FFA87FEA8F5007707EBCE178DF871
:1037D00001C04FEA503EC7F3014C400C8DF802C0C7
:1037E0008DF804704FEA172C20F00F00C2F3034746
:1037F00038438DF80500081E18BF012052BAADF8F5
:10380000062005EB41029789043EC000A7424FEA1B
:10381000C6168DF800E08DF803C000F11A000D44C3
:1038200002D1AF7C9F423ED094810022CDE902229A
:103830000122042CAB7404BF43F00C03DBB28DF8FF
:103840000920C6F301421343C9000822CFB28DF804
:103850000A306946330A8DF80B308DF80C60FFF79B
:1038600015FF082207F12A000DEB020100F0FE000F
:10387000FFF70CFFFFF72FFF04B0BDE8F081402BEE
:103880000DD0802B0DD0202B08BF50238AE720239A
:1038900088E7302386E7402384E7002382E760231C
:1038A00080E770237EE708226946FFF7EFFEE3E733
:1038B00000E9A43510B5044660210D4800F082F8F7
:1038C00021460B4800F0D7F8094800F0A1F9012281
:1038D0006021074800F097F9054800F026F820B16C
:1038E000034800F026F800B210BD4FF0FF30FAE7B1
:1038F0009402002010B50446C0E9001100210848D8
:1039000000F04CFA9520FFF7D5FF00F07F019520DD
:10391000FFF7D6FE2046BDE81040FFF7EDBE00BF22
:10392000940200204168FFF7E5BF028BC08A101A9D
:1039300070470346C28A018B914281BF0169885C4E
:103940000132DA8298BF4FF0FF307047028BC38A92
:103950009A4286BF0269D05C4FF0FF307047806D9D
:10396000D0F8DC302BB10023D43020F8B23CC3684F
:103970001847704738B50446283000F011FBE0695D
:1039800018B105F0D5FA0023E361002520692584EC
:1039900010B105F0CDFA2561A58238BD38B50546D0
:1039A0000446074B45F8D43BFFF7E4FF2846FDF7F4
:1039B0003BFC04F1C400FDF737FC204638BD00BFD6
:1039C00094B300080123994080F8243000238176C5
:1039D0004384704738B5838A05468B420C4609D22A
:1039E000202938BF20240069214605F057FB10B17B
:1039F0002861AC8238BDFEE773B5846D0546D4F806
:103A0000CC30866EE3B1E28A238B9A4218D33146DA
:103A10002046FFF7DFFF3246206905F1740105F00B
:103A200009FC0023E382D4F8CC30268301960BB93D
:103A300007F0CAFBD4F8D03001A904F1C4009847BC
:103A400002B070BDB1F5806F70B505460C4610D858
:103A5000038C99420AD920290E4638BF2026C06916
:103A6000314605F01BFB18B1E8612E84204670BD7D
:103A7000FEE70024FAE713B590F8243004468DF8E9
:103A800007107BB1418C0131FFF7DCFF40B1012011
:103A9000638C9DF80710E269D154638C0133638411
:103AA00002B010BD01220DF10701283000F0B6FA76
:103AB000B0FA80F04009F3E770B590F8243004467E
:103AC0000E46154693B1418C1144FFF7BBFF10B968
:103AD0000025284670BD638CE0692A4618443146AB
:103AE00005F0A8FB638C2B446384F2E792B2283084
:103AF00000F094FA0028EBD1EBE70346006918B117
:103B000000219A8A05F03ABB70470346C06918B194
:103B100000211A8C05F032BB704738B50446D1B984
:103B20004FF42A03A36594F8BE30012B16D1638CA1
:103B3000E269A17E04F1280000F0F0FA042828BF11
:103B4000042045B22046FFF7E0FF0023638484F899
:103B50002430E8B238BD4FF02A43E3E70425F8E704
:103B60002DE9F04790F8BEA00446BAF1010F0F46C8
:103B7000164698469DF820509DF8249038D111465D
:103B80007F00FFF727FFFFB2CDB1032D28BF03252C
:103B90000023013DEDB284F824A0A7766384ED00F4
:103BA000236828FA05F120461B68C9B2083D9847EA
:103BB00015F1080FF4D100212046FFF7AEFFB9F14F
:103BC000000F12D14FF42A03A36539463346226908
:103BD00004F1280000F03CFA002818BF002600235A
:103BE0002683E3823046BDE8F0874FF02A43EBE7B7
:103BF0000026F7E707B5019300230093FFF7B0FF16
:103C000003B05DF804FB0123D2B2C9B2FFF7F2BFE3
:103C10000121FFF782BF38B500250446C582058320
:103C2000FFF76BFF20466584FFF76FFF38BD00008C
:103C3000F8B50446D0F8840005F05EF8002105F0E0
:103C400075F8D4F88420C2F30313042B47D8274D0A
:103C5000274E55F8233002F00F029B6856F82220B9
:103C6000DB4303EA12239BB2002B3ED0D4F888003A
:103C700005F042F8012105F059F8D4F888001D4BF1
:103C8000C0F3031104291B682CD81B4C1427B3FB69
:103C9000F4F30A2400F00F0256F822206343174C75
:103CA000C2F30F2255F821C0CCF81420D4F804E058
:103CB0006668A6EB0E06B342FADCCCF81020D4F806
:103CC00004C06668A6EB0C06B342FADC013FE9D1FA
:103CD00005F012F83946BDE8F84005F027B8002392
:103CE0009B68FFDE00235B61FBE7F8BDE00000207E
:103CF000D8B30008FC00002040420F00001000E094
:103D00002DE9F04100260446C68206831F460D4673
:103D10009046FFF7F2FE20466684A676FFF7F5FE92
:103D2000D4F8DC30C4F8804033B104F1D40103226C
:103D300008469847C4E93766002384F824306B00AE
:103D400084F825306B1E5D425D41204684F8BE50EC
:103D500084F8BF8084F8C07004F12805FFF768FF7D
:103D600094F825304FF480422846094900F05CF869
:103D700094F8BE304BB92846064900F027FA284689
:103D8000BDE8F041044900F01ABABDE8F08100BF77
:103D9000A08601005F390008F93900080A460023AF
:103DA0000121FFF7ADBF0022C0E90022C0E90222D5
:103DB00070470022C0E90022C0E9022270470000DB
:103DC00038B500254FF47A730446C0E901530E4B11
:103DD00040F8C43BFFF7E7FF04F1D400FFF7E9FF29
:103DE0009C22294604F1280005F0C8F9074B20461B
:103DF0009A68C4F88420DB68E561C4F888302584BB
:103E00002561A58238BD00BF94B30008ACB7000897
:103E10000148FFF7D5BF00BF940200200148FFF71B
:103E2000BDBD00BF940200202DE9F3410D461746A9
:103E300098460446002800F09F805149C06D04F068
:103E400003F850490646206E03F0FEFF0146002E9F
:103E500000F09280002800F08F80304604F01BF8BC
:103E60002060002800F08880474B261D984262D1D0
:103E700003F5DE33DA6942F40012DA61DA6902F43A
:103E800000120092009A1A6942F400121A611A692B
:103E900022F400121A6142F21F03A4F864303B4B73
:103EA0001E603849206E03F0B7FFE06D344903F01F
:103EB000B3FF374823688542636006D93548854299
:103EC00003D93548854288BF0020314B02219D42ED
:103ED00094BF00250125AD03C4E90358002594F8DB
:103EE00097302A465B1B18BF01239B01236294F87D
:103EF0009830A0605B1B18BF0123DB01636294F95B
:103F00006400C4E90575E56184F8415000F0EEFAFB
:103F100094F9640000F01AFB2A46022194F9650026
:103F200000F0E4FA94F9650000F010FB304600F070
:103F30001DFCE8B1FEE7194B9842B2D103F5DC3322
:103F4000DA6942F48002DA61DA6902F480020192ED
:103F5000019A1A6942F480021A611A6922F48002F5
:103F60001A6142F22123A4F86430084B5E6098E79E
:103F70000223A06684F8953002B0BDE8F08100BF4E
:103F800054B7000824B7000800540040780300200C
:103F9000A0860100801A060040420F000058004031
:103FA00010B5044690F9640000F0DEFA94F965005B
:103FB00000F0DAFA201D00F082FC0321206E03F0ED
:103FC0006BFE0321E06D03F067FE2368104A934205
:103FD0000DD1104B1A6942F400121A611A6922F4C9
:103FE00000121A61DA6922F40012DA6110BD0A4A7D
:103FF0009342FBD1074B1A6942F480021A611A6995
:1040000022F480021A61DA6922F48002EDE700BF2F
:10401000005400400010024000580040202A30B5F3
:1040200014D800239CB2A24207D890F894301344CD
:10403000DBB280F89430002030BD90F89440CD5C25
:104040001C44044484F874500133EBE70120F3E787
:104050002DE9F34705460F469046994600F02EFAA3
:1040600000240646D5F830A004354B464246394672
:104070002846CDF800A000F057FD022806D100F038
:104080001DFA841B642CF0D906201FE008BB00F049
:1040900015FA0646284601F0ADFC202809D0632C0D
:1040A00007D800F00BFA841B284601F0A6FC002874
:1040B000F0D0284601F0A1FC632C0CD882060AD46B
:1040C00043070AD4003818BF0120800002B0BDE8C1
:1040D000F0870420FAE70520F8E70320F6E710B59B
:1040E00064230446043000F003FC022810D00328A7
:1040F00006D090B194F84130202B18BF042004E082
:1041000094F84130202B18BF052008BF022004E09E
:1041100094F84130202B18BF062010BD2DE9F3473D
:1041200004460E4691461F4600F0C8F980463FB946
:1041300001223146204602B0BDE8F047FFF7CFBF6D
:104140000025D4F830A004343B464A463146204688
:10415000CDF800A000F080FC022807D100F0AEF9F5
:10416000A0EB0805642DEFD906201FE008BB00F086
:10417000A5F90646204601F03DFC202809D0632D14
:1041800007D800F09BF9851B204601F036FC00287B
:10419000F0D0204601F031FC632D0CD882060AD401
:1041A00043070AD4003818BF0120800002B0BDE8E0
:1041B000F0870420FAE70520F8E70320F6E720B1AE
:1041C00019B1C166043000F0ABBD704720B119B120
:1041D0000167043000F0A4BD704770B590F89130CD
:1041E0000446012B0D46A0F1040609D1436E3BB1F4
:1041F000836E30469847022384F89130002363662B
:104200008DB9E36E84F891501BB1304684F890501C
:104210009847204694F8902004F170012023BDE8CF
:10422000704000F007BD00230122636684F89120EE
:10423000616E2046743131440423BDE8704000F0C3
:1042400034BD10B590F891300446012B04D1436E73
:1042500013B1836E04389847022384F89130002309
:1042600020466366BDE8104000F05ABD436E1F2B28
:10427000DEBF436E0133436690F89130012BDAB212
:1042800005D1416E04237031014400F00EBD70472A
:10429000002380F89030704790F892300BB900F00E
:1042A0003FBD7047014B186800F0BABE780300208C
:1042B000014B186801F0FEBA78030020014B5868E2
:1042C00000F0AEBE78030020014B586801F0F2BA4E
:1042D00078030020F8B504461F4632230025164611
:1042E000A37096224FF47A7308462170C4E9012323
:1042F0007100C4E90455C4E90655C4E90855C4E988
:104300000A55A56304F012FD86F00106677084F873
:10431000305084F83C50204626736563F8BD8161B7
:10432000704738B590F8313004460D469BB10123F3
:1043300080F8303023690BB12046984794F831302B
:104340003BB994F83030032B03D063690BB120469E
:104350009847A56338BD90F83030032BEAD002238C
:1043600080F8303090F83C30013380F83C30E1E7A1
:1043700070B5044604F0B2FD94F830300546032BC6
:1043800003D1A36A0BB120469847A66BA378AE1B56
:10439000B34246D8207804F063FD237BC11A4A4219
:1043A0004A4184F8312094F83020032A39D8DFE8D4
:1043B00002F0020B1939984233D165632946204631
:1043C000BDE87040FFF7ADBF9842F7D1A368B34294
:1043D00027D8032384F83030636A13B32046BDE83E
:1043E000704018479842E9D06368B34219D8236AED
:1043F0000BB12046984794F83C30012B03D1A369B8
:104400004BB12046984794F83C30022B03D1E36926
:104410000BB120469847002384F83030636384F85A
:104420003C3070BD9842FCD029462046FFF779FF0A
:10443000E36AEDE77047000038B50E4B05461A7881
:104440004FF47A73B3FBF2F30B4A1068B0FBF3F04E
:1044500000F09CF8044658B90F2D09D802462946A9
:104460004FF0FF3000F042F82046044B1D6038BD8D
:104470000120FCE7D8000020FC000020DC00002028
:10448000074A08B51368032043F01003136000F0D7
:104490001BF80020FFF7D0FFFFF7CCFF002008BD7E
:1044A00000200240034A044B11681B780B44136040
:1044B000704700BF80030020D8000020014B18681F
:1044C000704700BF8003002007490302CA6803F455
:1044D000E06322F4E0621204120C134343F0BF6362
:1044E00043F40033CB60704700ED00E0154B30B56E
:1044F000DC68C4F30224C4F10703251D042B28BF84
:104500000423062D4FF0FF3594BF0024033C05FA29
:1045100003F321EA0303A54022EA0502A340002891
:1045200043EA0203ACBF00F16040074A4FEA0313BD
:10453000DBB2ABBF00F5614000F00F0080F8003344
:10454000135430BD00ED00E014ED00E0002807DB5F
:1045500001234109034A00F01F00834042F8213043
:10456000704700BF00E100E000280CDB0122064993
:10457000430900F01F008240203341F82320BFF39D
:104580004F8FBFF36F8F704700E100E00138B0F14B
:10459000807F0BD24FF0E023F021054A586182F86A
:1045A00023100020072298611A617047012070478C
:1045B00000ED00E0002808DB01224309034900F078
:1045C0001F008240603341F82320704700E100E083
:1045D000704708B5FFF7FCFF08BD704710B50446EB
:1045E00050B1437903F0FF0213B90271FFF7F5FFF1
:1045F00001230020637110BD0120FCE790F8212009
:104600000346022A06D0042282630120002283F896
:10461000202070470268C06B116821F00E01116004
:10462000116821F00101116001211A6C01FA02F2F6
:104630004260002083F82110E8E7000008B590F8F8
:104640002130022B03D004238363012008BD0368BB
:104650001A6822F00E021A601A6822F001021A602B
:10466000174A93421FD0143293421ED01432934201
:104670001DD0143293421DD0143293421DD01432F7
:10468000934214BF4FF080734FF480130D4A536070
:10469000012380F82130002380F82030436B03B1E0
:1046A00098470020D2E70123F0E71023EEE74FF40C
:1046B0008073EBE74FF48053E8E74FF48033E5E78E
:1046C000080002400000024090F8210070470000FE
:1046D000044A08B55169014202D0506103F0EEF876
:1046E00008BD00BF000401402DE9F84606460F460C
:1046F00091461D464FEA114A3368BAF1010F0CBFCB
:104700005C699C6927EA0404A4B2B4FA84F46409DD
:10471000A14501D0002025E06A1CEED0FFF7CEFEB7
:10472000089BC01AA84201D8002DE5D13368BAF120
:10473000010F0CBF5B699B6927EA03039BB2B3FAC5
:1047400083F35B099945D7D10023202201203363ED
:1047500086F83D2086F83E30326C86F83C3042F0D8
:1047600020023264BDE8F8867047000070B5044648
:1047700008B9012070BD90F83D3003F0FF021BB96D
:1047800080F83C20FFF7F0FF242384F83D302368B5
:104790001A6822F001021A601A6842F400421A6094
:1047A0001A6822F400421A6001F088FB3F4B6568EA
:1047B0009D4294BF3E4B3F4B98428CBF0023012348
:1047C000002BD6D1394E3C4BB542B0FBF3F388BF3A
:1047D0004FF496762268516821F03F0141EA0301C7
:1047E00082BF73434FF47A76B3FBF6F35160116ADC
:1047F000013321F03F010B431362D169431E2B4863
:1048000021F44F41854221F0FF0132D86D00B3FB06
:10481000F5F340F6FC700133034242D0C3F30B03BF
:104820001943D1611168D4E9073021F0C001034375
:104830000B4313609168D4E9030321F4034103435C
:1048400021F0FF010B439360D168D4E9053021F0DA
:10485000FF0103430B43D3601368002043F00103BF
:1048600013602023206484F83D30206384F83E00E8
:1048700080E7A06850B905EB4505B3FBF5F30133BC
:10488000C3F30B037BB143F40043C9E7192068432A
:10489000B3FBF0F30133C3F30B0323B143F4404301
:1048A000BEE70423BCE70123BAE700BFA0860100EE
:1048B0007F841E00FF083D0040420F00704710B586
:1048C000044698B12423026880F83D30136823F031
:1048D00001031360FFF7F2FF0020206484F83C001E
:1048E00084F83D00206384F83E0010BD0120FCE701
:1048F0002DE9F04F044685B01F4688469246FFF7E3
:10490000DDFD94F83D300546202B03D0022005B094
:10491000BDE8F08F00901923012220464C49FFF793
:10492000E3FE0028F2D194F83C30012BEED00123B5
:1049300084F83C30236800261A68DFF814B1D007E9
:1049400058BF1A6808F0FE085CBF42F001021A6006
:104950001A6822F400621A60242384F83D303D4B2B
:104960002664E36222684FF001111368204643F485
:10497000807313603B4600220095FFF7B5FE236865
:1049800038B11B680320D90544BF4FF4007323647A
:10499000BDE7C3F81080FFF791FD4FF0A009054671
:1049A00023685A695B69C2F34002C3F3802394F819
:1049B0003D10A0291CD14FF02009236884F83D90B8
:1049C0005A6992072BD51A68204642F400721A6081
:1049D000002203925A691E4903929B6901220393A4
:1049E000039B00951923FFF77FFE98B101208EE706
:1049F0001343E0D1FFF762FD401BB84200D80FB966
:104A000084F83D9023685A695B69C2F34002C3F39E
:104A10008023CCE784F83D9084F83C0077E71A685F
:104A2000594642F400721A606FF4806220465A615F
:104A3000192301220095FFF757FE0028D6D1013631
:104A400056458FD384F83D9084F83C00CEE700BFF4
:104A5000020010000000FFFFF7B500250446009596
:104A6000019594F83D500898202D02D0022003B003
:104A7000F0BD25682E68B60503D4082801D00128AA
:104A80001BD146F2A817274E3668B6FBF7F6192752
:104A90007E430196019E013E0196019E56B9202358
:104AA000266384F83D3084F83E60236C43F0200395
:104AB0002364DBE7AE69B707ECD494F83C60012EC1
:104AC000D4D02E68F6075EBF2E6846F001062E6031
:104AD0002E6826F400662E60212684F83D6010269C
:104AE00084F83E60002626646385638DE06261641D
:104AF0002385236B62620093009B112B05D1B0F5D7
:104B00002A0F02D0B0F12A4F03D12B6843F48073EF
:104B10002B60002084F83C006B6843F4E0636B601A
:104B2000A5E700BFFC000020F7B50025044600956E
:104B3000019594F83D500898202D02D0022003B032
:104B4000F0BD25682E68B60503D4082801D00128D9
:104B50001BD146F2A817364E3668B6FBF7F6192772
:104B60007E430196019E013E0196019E56B9202387
:104B7000266384F83D3084F83E60236C43F02003C4
:104B80002364DBE7AE69B707ECD494F83C60012EF0
:104B9000D4D0012684F83C602E68F6075EBF2E68EC
:104BA00046F001062E602E6826F400662E6022264E
:104BB00084F83D60102684F83E60002626646385F4
:104BC000638DE06261642385236B62620093638D71
:104BD0009BB2022B24D1202801D0102820D1009B89
:104BE000122B2B681DD14FF4407223F480632B608D
:104BF0002B6843F400632B60009B122B05D1B0F5AA
:104C00002A0F02D0B0F12A4F03D12B6843F48073EE
:104C10002B60002084F83C006B6813436B608EE7C8
:104C20002B6843F480634FF4E0622B60E4E700BF3D
:104C3000FC00002037B5044690F83D0000F0280045
:104C4000282830D100292CD0002A2AD094F83C0002
:104C5000012828D025682868C0075EBF286840F072
:104C600001002860286820F400602860292084F86A
:104C70003D00202084F83E00002020646285628D83
:104C8000E36201906B6961620193AB6984F83C0057
:104C90000193019B6B68228543F4E0636B6003B072
:104CA00030BD0120FBE70220F9E737B5044690F854
:104CB0003D0000F02800282830D100292CD0002AFF
:104CC0002AD094F83C00012828D025682868C0071D
:104CD0005EBF286840F001002860286820F400606A
:104CE00028602A2084F83D00202084F83E0000201F
:104CF00020646285628DE36201906B696162019359
:104D0000AB6984F83C000193019B6B68228543F4F6
:104D1000E0636B6003B030BD0120FBE70220F9E7E0
:104D200090F83D30202B14D1282380F83D300368C3
:104D300000201A68D2075EBF1A6842F001021A60AA
:104D40001A6842F480621A605A6842F440725A60EB
:104D500070470220704770477047704790F83D20B9
:104D600008B5036DD2B283B9C36C0268012B836CA2
:104D700005D1DBB21361036D0233036508BDC3F3D4
:104D800007231361036D0133F7E7036D012B03D193
:104D9000836C0268DBB2F4E7036D022B2FD1222A69
:104DA00005D10268136843F480731360EAE7438D0A
:104DB0009BB263B1212A0AD1436A026813F8011B2E
:104DC00011614362438D013B9BB24385D6E7438D1E
:104DD0009BB2002BD2D1212AD0D10268516821F494
:104DE000E0615160116841F4007111602022036399
:104DF00080F83D2080F83E30FFF7AFFFBEE7036844
:104E00005A69120644BF00221A61B7E7704770471B
:104E1000002337B546F2A81101932C4B406A1B685A
:104E200090F83D20B3FBF1F323214B43019303683A
:104E3000D2B2019941BB016C41F020010164446B85
:104E40000CB10021A162816B09B100258D621D6842
:104E500025F480651D600025458504B1656301B1B9
:104E60004D63196821F00101196090F83D10602927
:104E700011D1202380F83D30002380F83E300364B8
:104E8000FFF7C5FF03B030BD0199013901911968E1
:104E90008905CED4D3E702F02802282A0ED119685A
:104EA00041F001011960196841F480611960002323
:104EB000036380F83D20FFF7EFF9E3E7202380F854
:104EC0003D30002380F83E30F5E700BFFC000020B5
:104ED00010B590F83D2090F83E300446102BD9B222
:104EE000D2B2036801D0402913D1222A11D1196806
:104EF00021F400611960596811F4006106D1602A3B
:104F00001EBF202284F83D2084F83E100022226338
:104F100007E002F028012829EDD10022226384F85D
:104F20003D105A6812F400624FD05A68606B22F448
:104F300000625A6090F82130012B374B2BD043632D
:104F4000FFF77CFB50B12268606B136823F001030C
:104F50001360202384F83D30436B9847236C190776
:104F60001FBF2268536823F4E063536094F83D3018
:104F7000226CDBB252070DD5282B0BD1274B2022F8
:104F8000E36200232046236384F83D2084F83E300A
:104F9000FFF757F910BDA06B4363FFF74FFB0028E5
:104FA000DCD023685A69510605D51A69636A1A70FC
:104FB000636A013363622268A06B136823F0010304
:104FC0001360202384F83D30C6E794F83D10602933
:104FD00015D1202184F83D1022645A69520605D566
:104FE0001A69636A1A70636A013363622268204631
:104FF000136823F001031360FFF709FFAEE75A6956
:10500000500605D51A69636A1A70636A01336362D0
:105010002046FFF741F9A1E7114E00080000FFFF0D
:10502000F0B5044603688FB05A68C66A90F83E002F
:1050300094F83D101028C5B2C9B202D0402D40F0FE
:10504000D7829F69586910F0010F07D1B6F52A0F72
:1050500002D0B6F12A4F51D10FB0F0BD96054DD513
:10506000E26AB2F52A0F0CD10122E26294F83E20E6
:10507000402A11D1226D52B9626C02F0FE021A610F
:10508000EAE7E26AB2F12A4FF0D10822EDE7626C5A
:1050900042F00102D2B2F2E72269B2F5804F1AD192
:1050A00094F83D20212A626C11D102F0FE021A61AF
:1050B000626B0AB1926A2AB9A26B002ACCD0926ABA
:1050C000002AC9D05A6842F400625A60C4E742F02C
:1050D0000102D2B2EBE7226D32B9626CD21102F05A
:1050E000060242F0F002CAE7226D012AB4D1626CD6
:1050F000D21102F0060242F0F102C0E7060703D522
:10510000960501D5626CE4E7860740F1F0809605CC
:1051100040F1ED8094F83E10E26A256B94F83D0072
:10512000C9B2222840F0DB80206D40B9402906D169
:1051300000905A6900929B690093009B8CE7216D57
:1051400089B92069B0F5404F0DD101915A6901929A
:105150009A690192019A1A6842F480721A60236D6A
:105160000133236578E7618D89B251B902915A699B
:1051700002929A690292029A1A6842F400721A60C4
:1051800019E0618D89B2012949D112F5803F1BD107
:105190001A6822F480621A605A6812F400620CD015
:1051A0001A6822F480621A60002203925A690392FC
:1051B0009B690393039B0023D3E704925A690492EB
:1051C0009A690492049AD7E7082A1CD0202A1AD098
:1051D000122D0DD1012A16D11A6822F480621A60AC
:1051E000002205925A6905929B690593059BE2E7A7
:1051F000102AF1D8864941FA02F2D707ECD41A688E
:1052000042F48062EBE71A6822F480621A6000229E
:1052100006925A6906929A690692069AACE7618DDF
:1052200089B2022938D1102A03D87A49D140CE0751
:1052300018D4196841F40061196000210791596977
:105240000791996907910799196821F4806119609C
:1052500059680D05AFD5202A1BD8072A0ED8012A78
:10526000A9D111E0196841F4806119600021089109
:1052700059690891996908910899E9E7A2F108012B
:10528000654ACA40D00796D55A6842F480525A609F
:1052900091E712F5803FE3E7196841F480611960F6
:1052A0005968090510D5202A16D8072A06D8012AD8
:1052B0000AD15A6842F480525A6005E0A2F108010E
:1052C000554ACA40D207F4D4002209925A69099279
:1052D0009B690993099B6EE712F5803FE8E700227E
:1052E0000A925A690A929B690A930A9BB4E67F075D
:1052F00040F194805E6836053FF5AEAE070600F0DB
:1053000004063ED550053CD5002E3DD194F83D20F5
:10531000258D94F83E10D2B2E06AC9B2C5B9212AEF
:1053200018D1082858D0202856D010F5803F53D0E7
:105330005A6822F4E0625A6011232363002384F840
:105340003E302023204684F83D30FFF704FD83E6FD
:10535000212A05D040297FF47FAE222A7FF47CAE3B
:10536000628D92B21AB95A6822F48062ADE694F85E
:105370003E20402A16D120460FB0BDE8F040FFF78E
:10538000EDBC002E3FF468AE97057FF565AE212990
:1053900039D1E16A94F83D20212A7FF45DAE628D17
:1053A00092B24AB1626A12F8011B19616262638D9E
:1053B000013B9BB263854FE608290DD020290BD015
:1053C00011F5803F08D0596821F4E061596011233C
:1053D000236384F83E20B4E75A68204622F4E06252
:1053E0005A601A6842F400721A6000232022236374
:1053F00084F83D2094F83E2084F83E30402AA4D121
:10540000FFF7ABFC28E6402D7FF426AEB3E700BFE4
:10541000EBFFFEFF140001000101000159680E05B9
:105420003FF51AAE450600F0040176D5500574D557
:10543000002975D194F83D20222A7FF40DAE628DAB
:1054400092B2032A14D91A69636A1A70636A013323
:105450006362638D013B9BB26385638D9BB2032BBB
:105460007FF4FAAD2268536823F480635360F3E558
:10547000E06A02283FF477AF012A3FF674AF0B9140
:1054800046F2A811734A1268B2FBF1F202EB8202F3
:105490000B920B9A013A0B920B99D1B9226C2046D0
:1054A00042F0200222645A6822F4E0625A601A69CB
:1054B000636A1A70636A01336362638D013B9BB256
:1054C0006385202384F83D3084F83E10FEF7E4FE27
:1054D000C2E51A6812F40072DBD1196821F4806108
:1054E0001960596821F4E06159601969636A19709B
:1054F000636A01336362638D013B9BB26385202342
:1055000084F83D3094F83E3084F83E20402B69D139
:1055100022632046FFF77AFC9EE500293FF49CAD0C
:1055200092057FF599ADE26A608D616A80B20428C8
:1055300009D15A6822F480625A601B690B70636A51
:105540000133636233E7608D80B203280CD1586861
:10555000042A20F480605860EFD0022AEDD01A6847
:1055600022F480621A60E8E7608D80B20228E4D1FC
:10557000042A33D007D8012A07D0022A2ED01A686D
:1055800042F4007204E0102AF9D11A6822F4806211
:105590001A601B690B70626A531C6362638D013B66
:1055A0009BB2638523681B695370636A2268013369
:1055B0006362638D013B9BB26385536823F4407340
:1055C0005360202384F83D3094F83E30402B4FF058
:1055D000000384F83E3005D123639AE71A6842F449
:1055E0008062D5E7122320462363FFF7B5FB33E53E
:1055F000206C10B30025586987072DD596052BD54B
:10560000226C02B19D6994F83D2002F02802282AFC
:1056100016D15A682F0622F480625A604FF00003B8
:1056200085F00401204654BFA289228BC1F380017A
:1056300084F83C30FEF7D1FD0EE59D695869DBE743
:1056400000220C9259690C919B6984F83C200C93C0
:105650000C9B01E5FC000020C60640F1B1809505D9
:1056600040F1AE8094F83D505A68EDB222F4E06209
:105670005A6000220D925A690D921A6842F0010296
:105680001A600D9A1A6822F480621A605A6810052E
:1056900020D505F0F702222A4AD1A06B0268526891
:1056A00092B26285628D92B21AB1226C42F004020B
:1056B00022645A6822F400625A60FFF705F8012854
:1056C00008D0A06B794B4363FEF7B8FF10B1A06B15
:1056D000436B9847638D9BB213B323685A69510794
:1056E00009D51A69636A1A70636A01336362638D4C
:1056F000013B9BB2638523685A69520609D51A6932
:10570000636A1A70636A01336362638D013B9BB203
:105710006385638D9BB21BB1236C43F00403236448
:10572000236C13B320460FB0BDE8F040FFF7D0BBA9
:10573000606B0268526892B26285628D92B21AB151
:10574000226C42F0040222645A6822F400625A6019
:10575000FEF7BAFF0128BDD0606B544B4363FEF7E0
:105760006DFF0028B6D0606BB2E72A2D06D1236307
:105770002823204684F83D30FEF778FD94F83D302C
:10578000282B0CD14A4B2022E362002320462363BE
:1057900084F83D2084F83E30FEF753FD5CE4236B33
:1057A000222B02D0222D7FF457AC0023202223632A
:1057B00084F83D2084F83E302046FEF757FD4BE448
:1057C00001F0F701212900F0040535D1070627D59E
:1057D000560525D53DBB94F83D00628DC0B292B20E
:1057E000002A3FF439AC626A12F8015B1D61626203
:1057F000628D013A92B26285628D92B2002A7FF484
:105800002BAC29287FF428AC5A68204622F4806209
:105810005A602823216384F83D30FEF739FD1BE4EC
:10582000002D3FF419AC95057FF516AC628D92B250
:10583000002A3FF411ACB5E5400627D5510525D522
:105840003DBB94F83D20618DD2B289B200293FF46E
:1058500003AC1969636A1970636A01336362638D0B
:10586000013B9BB26385638D9BB2002B7FF4F4AB4D
:105870002A2A7FF4F1AB2268536823F480635360D3
:1058800022232363282384F83D3095E7002D3FF43D
:10589000E3AB92057FF5E0AB628D92B2002A3FF454
:1058A000DBAB1A69636A1A7049E600BF114E000843
:1058B0000000FFFFF8B5036804465F695E6890F872
:1058C0003E2017F48075D2B20AD016F4807507D046
:1058D0006FF4807101255961196841F40041196024
:1058E000B80506D5F10542BF6FF4007145F0020519
:1058F0005961780536D5F10534D5608D94F83D10A1
:10590000202AD4F830C080B2C9B25FD100285DD15E
:1059100001F0F700212804D0282957D1BCF1210F2C
:1059200054D194F83D20E16AD2B2082901D020294F
:105930002AD1282A28D12E4A2046E2625A6822F427
:10594000E0625A606FF480625A611A6822F48062E1
:105950001A6000232022236384F83D2084F83E301F
:10596000FEF76FFC3A053FD5F3053DD56FF40062B5
:10597000236845F008055A61236C20462B432364B5
:10598000BDE8F840FFF7A4BA212A1BD11849E1620B
:1059900022630021202284F83D2084F83E105A68BA
:1059A00022F4E0625A606FF480625A611A6822F44D
:1059B00080621A605A69100648BF19612046FEF7D6
:1059C00067FCCFE76FF480625A61CBE76FF48061C8
:1059D000102A596145F0040501D0402AC2D11A6845
:1059E00042F400721A60BDE7002DC5D1F8BD00BFBA
:1059F0000000FFFF90F83D007047006C704700000A
:105A00002DE9F341054638B30368DB0710D42B6852
:105A10009F075ED42B68190700F195802B685A0701
:105A200000F1C180EB69002B40F02C81002029E0BF
:105A3000904C636803F00C03042B07D0636803F0F9
:105A40000C03082B0AD16368DE0307D523689C0387
:105A5000DDD56B68002BDAD1012013E06B68B3F55C
:105A6000803F12D1236843F480332360FEF726FD84
:105A7000064623689803CAD4FEF720FD801B6428DD
:105A8000F7D9032002B0BDE8F0819BB9236823F465
:105A900080332360236823F480232360FEF70EFD08
:105AA000064623689903B2D5FEF708FD801B6428DB
:105AB000F7D9E6E7B3F5A02F236803D143F4802399
:105AC0002360CFE723F480332360236823F480230B
:105AD000CBE7684C636813F00C0F07D0636803F0E2
:105AE0000C03082B10D16368DA030DD423689B07DD
:105AF00002D52B69012BAFD123686A6923F0F80323
:105B000043EAC203236085E72A695B4B6AB101223D
:105B10001A60FEF7D3FC064623689F07ECD4FEF715
:105B2000CDFC801B0228F7D9ABE71A60FEF7C6FC54
:105B30000646236898077FF56DAFFEF7BFFC801B14
:105B40000228F6D99DE7AA694A4E4B4BE2B10122E1
:105B5000C3F88024FEF7B2FC0446736A9B070DD598
:105B60004FF4FA52454B1B68B3FBF2F3019300BFAD
:105B7000019B5A1E0192002BF9D14FE7FEF79EFCC4
:105B8000001B0228E9D97CE7C3F88024FEF796FCC5
:105B90000446736A9F077FF541AFFEF78FFC001B39
:105BA0000228F6D96DE7334CE369D80024D40127E5
:105BB000E36943F08053E361E36903F080530093AA
:105BC000009B2F4E3368D90518D5EB68012B26D1E1
:105BD000236A43F001032362FEF770FC41F2883828
:105BE0000646236A9B073FD5002F3FF41BAFE369AE
:105BF00023F08053E36115E70027E2E7336843F4BD
:105C000080733360FEF75AFC80463368DA05DCD4D3
:105C1000FEF754FCA0EB08006428F6D931E7ABB9D5
:105C2000236A41F2883823F001032362236A23F0B8
:105C300004032362FEF742FC0646236A9807D3D585
:105C4000FEF73CFC801B4045F7D91AE7052B236A79
:105C500003D143F004032362BAE723F00103236274
:105C6000236A23F00403B6E7FEF728FC801B4045B7
:105C7000B7D906E70010024000004242FC000020B5
:105C8000007000402A4C626802F00C02082A3ED0E4
:105C90000022022B274B1A662CD1FEF70FFC06467A
:105CA0002368990120D42B6AB3F5803F05D162683F
:105CB000A96822F400320A436260696A62680B4391
:105CC00022F474121343012263601A4B1A66FEF722
:105CD000F5FB054623689A013FF5A8AEFEF7EEFBFB
:105CE000401B0228F6D9CCE6FEF7E8FB801B022811
:105CF000D6D9C6E6FEF7E2FB054623689B017FF591
:105D000095AEFEF7DBFB401B0228F6D9B9E6012B66
:105D10003FF4A2AE60682B6A00F480329A427FF4AE
:105D20009BAE6B6A00F47010C01A18BF0120A9E680
:105D300000100240000042420D4A536803F00C017B
:105D4000082912D10B48C3F38341DB03405C09D51A
:105D50005368094AC3F340435043084AD35CB0FB3D
:105D6000F3F07047064B584370470348704700BF35
:105D700000100240BAB3000800127A00B8B300085D
:105D800000093D002DE9F0410D46044610B90120FF
:105D9000BDE8F081444A136803F007038B4228D31F
:105DA00021688E0730D4CA0743D43F4A136803F0F2
:105DB0000703AB4265D822683C4D12F0040F6CD14A
:105DC000130706D56B68226923F4605343EAC203C4
:105DD0006B60FFF7B1FF6B68354AC3F30313D35C05
:105DE000D840344B1860344B1868FEF725FB002070
:105DF000CEE7136823F007030B431360136803F027
:105E000007038B42C3D1CBE7284B11F0040F1EBF11
:105E10005A6842F4E0625A60080742BF5A6842F486
:105E200060525A605A68A06822F0F00202435A6039
:105E3000B9E762681D4E012A33681AD113F4003F96
:105E4000A5D0736841F2883823F0030313437360CD
:105E5000FEF734FB07467368626803F00C03B3EB8C
:105E6000820FA2D0FEF72AFBC01B4045F3D90320C6
:105E70008EE7022A02D113F0007FE1E713F0020F50
:105E8000DEE7136823F007032B431360136803F066
:105E90000703AB427FF47BAF8DE76B68E16823F4C7
:105EA000E0630B436B608BE7002002400010024070
:105EB00020B40008FC000020DC000020044B054A50
:105EC0005B68C3F30223D35C034A1068D840704771
:105ED0000010024018B40008FC000020044B054AE2
:105EE0005B68C3F3C223D35C034A1068D840704791
:105EF0000010024018B40008FC0000200F230360CB
:105F00000B4B5A6802F0030242605A6802F0F0023A
:105F100082605A6802F4E062C2605B68DB0803F4E6
:105F2000E0630361034B1B6803F007030B607047DA
:105F3000001002400020024003682DE9F3410546AD
:105F4000D80721D5364CE369D9002BD40126E36963
:105F500043F08053E361E36903F080530193019BB5
:105F6000304F3B68DA051FD5236A6A6813F4407323
:105F70002ED1236A6A6823F44073134323621EB14F
:105F8000E36923F08053E3612A68910706D5244929
:105F9000A8684B6823F4404303434B60D30636D4D0
:105FA000002012E00026DBE73B6843F480733B608F
:105FB000FEF784FA80463B68DB05D5D4FEF77EFA0F
:105FC000A0EB08006428F6D9032002B0BDE8F081F8
:105FD00002F440729A42CCD00120134A236AC2F8DC
:105FE0004004002023F44071DF07C2F8400421621E
:105FF000BFD5FEF763FA41F288380746236A98074F
:10600000B7D4FEF75BFAC01B4045F7D9DCE7044A7A
:10601000E968536823F480030B435360C0E700BF73
:10602000001002400070004000004242036A026A11
:1060300070B522F001020262446882690D6822F0A4
:1060400073022A438D6823F002032B430A4DA842B2
:106050000BD1CD6823F008032B4324F44074D1E91D
:106060000556354323F004032C43446082614A689B
:106070004263036270BD00BF002C0140036A026AE4
:1060800070B522F4807202624468C2690D6822F021
:1060900073022A438D6823F4007343EA05230B4DF2
:1060A000A8420DD1CD6823F4006343EA052324F40C
:1060B0004054D1E90556354323F4806344EA05147E
:1060C0004460C2614A68C263036270BD002C014033
:1060D000036A026A30B522F4805202624468C269DF
:1060E0000D6822F4E64242EA05228D6823F400534B
:1060F00043EA0533064DA84202BF4D6924F48044AB
:1061000044EA85144460C2614A680264036230BD97
:10611000002C014090F83D30012B1CD102230F4A86
:1061200080F83D30036893420AD0B3F1804F07D026
:10613000A2F59432934203D002F58062934204D1D7
:106140009A6802F00702062A03D01A6842F0010298
:106150001A60002070470120704700BF002C0140EA
:1061600090F83C200346012A4FF0020009D01A683B
:1061700083F83D0051610020012283F83C0083F840
:106180003D20704770477047036810B51A69044690
:1061900091070ED5DA6892070BD56FF002021A61EB
:1061A000012202779B699B0777D001F09BFA0023BD
:1061B000237723681A69500710D5DA6851070DD57F
:1061C0006FF004021A61022222779B69204613F4C1
:1061D000407F68D001F086FA0023237723681A698C
:1061E00012070FD5DA6810070CD56FF008021A6194
:1061F00004222277DB69204699075AD001F072FA0F
:106200000023237723681A69D20610D5DA68D006EE
:106210000DD56FF010021A6108222277DB69204643
:1062200013F4407F4BD001F05DFA002323772368FD
:106230001A69D10708D5DA68D20705D56FF00102CF
:1062400020461A6101F02BFA23681A69100608D556
:10625000DA68110605D56FF0800220461A6100F059
:1062600000FB23681A69520608D5DA68500605D57E
:106270006FF0400220461A61FFF785FF23681A6914
:10628000910622D5DA6892061FD56FF020022046CB
:10629000BDE810401A6100F0E3BA01F021FA20468F
:1062A000FFF770FF83E701F01BFA2046FFF76AFF54
:1062B00092E701F015FA2046FFF764FFA0E701F02E
:1062C0000FFA2046FFF75EFFAFE710BD134A0368E1
:1062D00090420AD0B0F1804F07D0A2F5943290429C
:1062E00003D002F58062904207D14A6823F0700320
:1062F0001343CA6823F4407313434A6923F08003AD
:10630000134303608B68C3620B688362034B98423C
:1063100004BF0B690363012343617047002C0140F4
:1063200010B5044630B390F83D3003F0FF021BB9BE
:1063300080F83C2001F094FE0223206884F83D3070
:10634000211DFFF7C3FF0123002084F8463084F8A5
:106350003E3084F83F3084F8403084F8413084F88F
:10636000423084F8433084F8443084F8453084F86F
:106370003D3010BD0120FCE7036A026A70B522F0CF
:1063800010020262446882690D6822F4E64242EA21
:1063900005228D6823F0200343EA05130B4DA84224
:1063A0000DD1CD6823F0800343EA051324F4406443
:1063B000D1E90556354323F0400344EA850444609F
:1063C00082614A688263036270BD00BF002C014095
:1063D00010B590F83C300446012B1DD0082A17D088
:1063E00007D862B1042A0FD00120002384F83C3082
:1063F00010BD0C2AF8D10068FFF76AFE02E00068C1
:10640000FFF714FE0020F0E70068FFF7B5FFF9E79B
:106410000068FFF733FEF5E70220E9E738B590F8AA
:106420003C300446012B4FD00120082A84F83C0060
:106430003AD006D8BAB1042A26D0002384F83C30DA
:1064400038BD0C2AF9D12068FFF742FEC3690A69FA
:1064500043F40063C361C36923F48063C361C36908
:1064600043EA02232EE02068FFF7E0FD83690A6912
:1064700043F008038361836923F004038361836924
:10648000134383610020D8E72068FFF775FF836915
:106490000A6943F400638361836923F48063836141
:1064A000836943EA0223ECE72068FFF7E7FDC3694D
:1064B0000A6943F00803C361C36923F00403C3619D
:1064C000C3691343C361DDE70220B9E770B5056A0C
:1064D000046A114E24F001040462B042846916D0AB
:1064E000B0F1804F13D0A6F59436B0420FD006F528
:1064F0008066B0420BD044F0010263F3071201F052
:106500000A0125F00A0319438261016270BD24F07B
:1065100003042243F1E700BF002C0140F8B590F8D6
:106520003C300546012B0C4600F081800120082AF2
:1065300085F83C005BD006D842B3042A35D000234E
:1065400085F83C30F8BD0C2AF9D1D1E900272B6839
:10655000CE68186A196A120321F480511962D96948
:1065600020F4005021F4407141EA072102F4005266
:1065700066F30F310243D9611A62DA69A16822F425
:106580004062DA61DA6942EA01224EE02868CB68AB
:1065900006C9FFF79BFF8369A26823F00C038361A0
:1065A0008369134383610020C9E72B68D1E9002781
:1065B000186ACE68196A120121F0100119629969EE
:1065C00020F0A00021F4407141EA072102F0A0026E
:1065D00066F30F31024399611A629A69A16822F445
:1065E00040629A619A6942EA01229A61DBE72B686C
:1065F000D1E90021186A1E6AE76826F480761E62D7
:10660000DE69120226F00306314320F4007002F422
:10661000007267F307110243D9611A62DA69A1684F
:1066200022F00C02DA61DA690A43DA61BBE7022080
:1066300088E710B50124036A01F01F018C4023EAAA
:1066400004030362036A8A401A43026210BD000019
:1066500008B529B990F83E30012B1DD001202EE05D
:10666000042907D190F83F30012BF7D1022380F89D
:106670003F3014E0082907D190F84030012BEDD1CC
:10668000022380F840300AE090F84130012BE5D138
:10669000022380F8413002E0022380F83E30006897
:1066A0000122FFF7C6FF0F4B984209D0B0F1804F8F
:1066B0000BD1836803F00703062B0DD1002008BD22
:1066C000436C43F400434364F3E7074B9842F0D034
:1066D00003F580639842ECD0036843F00103036044
:1066E000ECE700BF002C014000040040FFF7B0BF02
:1066F00008B5034641BB90F83E0093F84220C0B273
:106700000128D2B24DD1012A1DD1022291BB83F8BA
:106710003E2083F8422018680122FFF78AFF224BAF
:1067200098420AD0B0F1804F07D0A3F59433984235
:1067300003D003F5806398422ED1836803F00703EA
:10674000062B29D1002008BD042905D190F83F006F
:1067500093F84320C0B2D3E708290BBF90F840005C
:1067600093F8410093F8442093F845200CBFC0B241
:10677000C0B2C5E7042904D183F83F2083F8432041
:10678000C9E708290BBF83F8402083F8412083F82C
:10679000442083F84520BEE7036843F0010303600B
:1067A000D0E70120CFE700BF002C014010B5042442
:1067B000036A01F01F018C4023EA04030362036AA9
:1067C0008A401A43026210BD08B529B990F84230D8
:1067D000012B1DD001203EE0042907D190F8433061
:1067E000012BF7D1022380F8433014E0082907D1A8
:1067F00090F84430012BEDD1022380F844300AE0B8
:1068000090F84530012BE5D1022380F8453002E0B5
:10681000022380F8423000680422FFF7C7FF436C70
:1068200043F4004343640C4B98420AD0B0F1804FCC
:1068300007D0A3F59433984203D003F580639842C0
:1068400004D1836803F00703062B03D0036843F0E9
:1068500001030360002008BD002C0140FFF7B4BF16
:1068600070477047026802F10C0353E8003F23F4BD
:1068700090730C3242E8003102680029F2D102F133
:10688000140353E8003F23F0010302F1140C4CE819
:1068900000310029F3D1036B012B0BD102F10C0362
:1068A00053E8003F23F0100302F10C0C4CE80031D8
:1068B0000029F3D1202380F842300023036370477E
:1068C00010B504460368C1681A6922F440520A43AD
:1068D0001A6182680069D9680243606921F4B05185
:1068E00021F00C0102430A43DA605A69A16922F4DB
:1068F00040720A435A610E4A934215D1FFF7EEFAED
:1069000019234343626820689200B3FBF2F36422C8
:10691000B3FBF2F102FB11331B013233B3FBF2F391
:1069200003EB0113836010BDFFF7C8FAE8E700BF6F
:1069300000380140704710B5044648B390F8413024
:1069400003F0FF021BB980F84020FFF7F3FF242378
:10695000226884F84130D368204623F40053D36082
:10696000FFF7AEFF236800201A6922F490421A61F3
:106970005A6922F02A025A61DA6842F40052DA6057
:106980002023606484F8413084F84230606310BD95
:106990000120FCE710B5044668B390F8413003F0DD
:1069A000FF021BB980F84020FFF7C4FF24232268B0
:1069B00084F84130D368204623F40053D360FFF7B6
:1069C0007FFF236800201A6922F490421A615A69F5
:1069D00022F022025A615A6942F008025A61DA68CA
:1069E00042F40052DA602023606484F8413084F875
:1069F0004230606310BD0120FCE790F84130202B4D
:106A000010D189B182B1C284828400232122016223
:106A10000168436480F84120CA68184642F0800249
:106A2000CA607047022070470120704708B50023F4
:106A3000406AC385C38401F0EFFC08BD704790F83D
:106A4000423007B5222B42D181680268B1F5805FE0
:106A5000836A3FD1016900293FD15268C2F308021D
:106A600023F8022B8362C38D013B9BB2C385002BAD
:106A70002DD10268D16821F02001D160D16821F4C4
:106A80008071D160516921F001015161202280F8AB
:106A900042204363026B012A026828D1036302F19A
:106AA0000C0353E8003F23F0100302F10C0C4CE8F8
:106AB00000310029F3D11368DB0605D50191136875
:106AC000019353680193019B818DFFF7B7FF03B0DA
:106AD0005DF804FB39B9016929B95268D2B21A705C
:106AE000836A0133BEE7526802F07F02F7E701F0E4
:106AF0008DFCECE7036873B51A6804461607D9687D
:106B00005D6908D1960668D58D0666D502B0BDE8E8
:106B10007040FFF794BF05F0010001F49075054344
:106B20005BD0D60705D5CD0542BF636C43F00103AA
:106B30006364530704D518B1636C43F002036364C4
:106B4000960704D518B1636C43F00403636415071A
:106B500007D501F0200303431EBF636C43F0080315
:106B60006364636C002B32D0920604D58B0602D589
:106B70002046FFF764FF266820467369626C03F0C5
:106B8000400302F0080253EA020522D0FFF76AFE32
:106B900073695E0618D5226802F1140353E8003FBA
:106BA00023F04003143242E800310029F3D1E06BB6
:106BB00050B1744B4363FDF741FD40B1E06B436B53
:106BC00002B0BDE870401847204601F025FC02B035
:106BD00070BD01F021FC6564F9E7206B012840F0ED
:106BE0009480D50640F19180C80640F18E80002245
:106BF00001921A6801925A680192019A5A695206E2
:106C00004DD5E16B0A68526892B2002ADFD0A08DA0
:106C10009042DCD9E2858A69202A36D003F10C0241
:106C200052E8002F22F4807203F10C0040E80021AA
:106C30000029F3D103F1140252E8002F22F00102DF
:106C400003F1140040E800210029F3D103F11402FC
:106C500052E8002F22F0400203F1140040E8002126
:106C60000029F3D1202284F84220216303F10C0291
:106C700052E8002F22F0100203F10C0040E800213E
:106C80000029F3D1E06BFDF7B9FC02236363E38DC8
:106C9000A18DC91A89B22046FFF7D0FE97E7E28D91
:106CA000E08DA18D80B292B2002890D0891A89B26D
:106CB00000298CD003F10C0252E8002F22F49072CC
:106CC00003F10C0545E800200028F3D103F114027C
:106CD00052E8002F22F0010203F1140545E80020DC
:106CE0000028F3D1202284F84220206303F10C0213
:106CF00052E8002F22F0100203F10C0545E80020B5
:106D00000028F3D102236363C5E7160628D50D06D4
:106D100026D594F84120212A7FF459AFA168226A30
:106D2000B1F5805F17D12169A9B932F8021BC1F30F
:106D3000080159602262E28C013A92B2E284002A90
:106D40007FF445AFDA6822F08002DA60DA6842F058
:106D50004002DA603BE7511C216212785A60EAE790
:106D600050067FF534AF4A067FF531AFDA6820462A
:106D700022F04002DA60202384F8413001F049FB20
:106D800025E700BF2D6A000890F84030012B11D094
:106D90002423026880F84130D36823F00C0343F0C9
:106DA0000803D360202380F84130002380F840306E
:106DB000184670470220704790F84030012B11D0E0
:106DC0002423026880F84130D36823F00C0343F099
:106DD0000403D360202380F84130002380F8403042
:106DE000184670470220704790F8412090F8420002
:106DF000104370470023C2854364222382850269C1
:106E000080F84230816203681AB1DA6842F4807215
:106E1000DA605A69002042F001025A61DA6842F0F1
:106E20002002DA60704770B490F84260202E06D1DC
:106E300041B13AB10024046370BCFFF7DBBF02200C
:106E400070BC70470120FBE7836810B504462BB186
:106E50000322014698470023C4E9023310BD4B1EAC
:106E6000032B00D9FEE78900081F70470139435CF6
:106E700013F0100004D0022916D80C4A32F9110080
:106E8000DB0712D503290FD8DFE801F00205080B54
:106E900040F00100704740F01000704740F48070EF
:106EA000704740F480507047FEE77047D2B3000847
:106EB0000139032900D9FEE7014B5856704700BF3E
:106EC000CEB30008013903299ABF024B58564FF040
:106ED000FF307047CAB300082DE9F0410E46044662
:106EE000FFF7BDFF06F1060805463146204604EBD4
:106EF0000818FFF7DDFFD8F808302BB1C24323692B
:106F00001A61DA681043D860771E04EB47039B8848
:106F10000C2B4AD8DFE803F0525219191907071948
:106F2000194B4B4B2B00E35DDE0604D5294604F1DB
:106F30001000FFF793FCE35DD80736D5294604F12E
:106F40001000BDE8F041FFF7D1BBE35DD90604D5E1
:106F5000294604F11000FFF737FCE35DDA0724D57A
:106F6000294604F11000BDE8F041FFF771BB294646
:106F700004F11000FFF7BCFB31462046FFF7A2FFEB
:106F8000014606462046FFF771FF25692B6A184324
:106F9000D8F80830286243B131462046FFF788FF11
:106FA000C3432B61EB681843E860BDE8F0812946D4
:106FB00004F11000BDE8F041FFF79ABB23691B689C
:106FC000DB07F2D404F11000BDE8F041FFF7A2B8EE
:106FD000836E10B5044653B16FF0010250F8103FB4
:106FE0001A61DA6842F00102DA60FFF793F820468E
:106FF0000121FFF771FF20460221FFF76DFF2046B8
:107000000321FFF769FF2046BDE810400421FFF788
:1070100063BF00002DE9F0438DB004461F460E46C5
:10702000FFF71DFF4FF6FF73904605930546236952
:10703000D0B95B6B012206930023CDE902239DF8B2
:107040005020CDE90933079308930B9301930492E1
:10705000B8F10C0F28D8DFE808F05010204F565830
:107060006163656967707200042801D19B6BE1E779
:1070700008280CBFDB6B1B6CDCE704EB460673884F
:1070800043B100232A46738005A904F1100005933B
:10709000FFF79EF90DB0BDE8F08310232A46059353
:1070A00005A9E018FFF794F9013E04EB4603A3F8A5
:1070B00004807B1CEED0384601F014F8A84268D159
:1070C00038463449A8F1090800F0A6FEB8F1030FCC
:1070D00005D8384601F010FE002101F027FE3846A1
:1070E0002C4900F0D3FE10F4801F0CBF01221022A7
:1070F000A35D1343A355CDE720232A46059305A995
:1071000004F11000CEE73023F7E760232A4605A9F3
:1071100004F110000593FFF781F9C5E77023F5E747
:107120005023EAE74023E8E7022301932A4601A916
:1071300004F11000FFF7F2F9B6E70A23F5E7384645
:10714000144900F0A3FE10F4801000D0FEE70123E4
:1071500004F110092A46019001A948460293FFF75D
:10716000DDF931462046FFF7ADFE431EE25C0146E5
:1071700042F00102E2540C2204EB43039A80022302
:107180002046CDE90133FFF76AFE01A902464846D1
:10719000D0E7FEE720B5000801211030FEF7E0BF80
:1071A0000369186800F00100704710B502460C46EC
:1071B000FFF7F6FF80B9CB68DB070ED5CB6810462A
:1071C00023F00103CB60FFF7E7FF6FF001032361BA
:1071D000E36843F00103E36010BD1046BDE81040D2
:1071E000FFF7DABF0B4B98420BD0B0F1804F0AD0BB
:1071F000A3F59433984208D003F58063984206D0F3
:10720000FEE70020704701207047022070470320EE
:10721000704700BF002C0140024670B5044652F88A
:10722000100FFFF7DFFF0546104600F0ABFE00230E
:10723000084A04F1600642F82530E36004F1B00525
:10724000B54204D0103D2846F9F7EEFFF8E7204696
:1072500070BD00BF84030020F8B504460846FFF760
:10726000C1FF236903B1FEE71B4D04F10C0245F891
:1072700020200E2204F110063046C4E90C33C4E984
:107280000E33C4E91033C4E91623216184F82C308D
:10729000A36484F84C3084F84D30E46000F02EFE96
:1072A00004F1600504F1B00728461035FFF7CCFD66
:1072B000BD42F9D100234FF6FF72C4E90033C4E99F
:1072C0000632C4E90833A360636180233046A362B9
:1072D000BDE8F840FFF724B88403002010B586B05D
:1072E00014220446002101A801F048FF002369464A
:1072F00001A80093FEF702FE206900F0D9FE0128E4
:1073000002D002280FD0FEE7049CFEF7D7FDB4F5AB
:10731000C06F05D00BD824F48074B4F5806F00D111
:10732000400006B010BD059CFEF7D8FDEFE7B4F5B0
:10733000E06FF4E7012A38B505460C460BD0022A67
:1073400016D004B1013C29692846CC62EC61BDE845
:107350003840FFF72ABFFFF7C1FF084BB0FBF3F03F
:1073600044432A69230C93620133B4FBF3F4E8E746
:10737000FFF7B4FFB0FBF4F4F3E700BF40420F00A7
:10738000F8B5054614461A46FFF769FD2B69822AAF
:107390009E6A074606F1010629D01FD8102A11D887
:1073A00052BB4FF6FF722969CB6A934203D1B4F501
:1073B000803F08BF1C4637BB4C632846BDE8F840F9
:1073C000FFF7F3BE812AECD12846FFF787FF124B67
:1073D000B0FBF3F06043B0FBF6F4E2E7832AE0D1C0
:1073E000DB6A03FB04436424B3FBF4F4D9E72846C7
:1073F000FFF774FF6643EEE7DB6A03FB04430124F7
:107400009440013CF0E7042F01D18C63D5E7082FAD
:107410000CBFCC630C64D0E740420F00034B1868EC
:1074200010B10430FEF7B0BE704700BF84030020E7
:10743000FFF7F4BF034B586810B10430FEF7A4BE49
:10744000704700BF84030020034B986810B10430DC
:10745000FEF79ABE704700BF84030020034BD86834
:1074600010B10430FEF790BE704700BF84030020C7
:10747000F8B504460E4600F1600500F1B007284655
:107480001035FCF796FCBD42F9D100232046314669
:107490002361FFF7E1FE2046F8BD38B50023C0E9BF
:1074A0000033C0E902338B6804460D462BB102223B
:1074B0009847EB68E360AB68A360204638BD30B501
:1074C00087B002AD04462846FFF7E7FF95E80300C2
:1074D0006B4683E8030094E8030085E8030093E823
:1074E0000300049BA268A360059B0492E26884E801
:1074F0000300E36028460592F9F796FE07B030BD19
:10750000F8B50C460746FFF7D3FC631E042B16465E
:10751000054600D9FEE7063407EB041083681146E0
:107520001BB1BDE8F840FFF7CABFFFF7C8FFB3685B
:107530002BB1EA433B691A61DA681543DD60F8BD97
:1075400038B5836E04460D4660301BB1BDE8384047
:10755000FFF7B5BFFFF7B3FFAB683BB16FF00102B8
:1075600023691A61DA6842F00102DA6038BD2DE958
:10757000F0431E46002304460D4687B00093134691
:10758000DDE90E980522109FFFF744FD02223146E7
:107590002046FFF7CFFE83234A4629462046FFF7C1
:1075A000EFFED8F8083053B1414602A8FFF775FF47
:1075B000204602A9FFF7C4FF02A8F9F735FEBB6811
:1075C0005BB1394602A8FFF768FF2046294602AAA8
:1075D000FFF796FF02A8F9F727FE204607B0BDE89F
:1075E000F043FFF7F5BC00002DE9F0439946D3B214
:1075F000222B06460F468DB023D81C4902F4E062C8
:1076000051F82340144304AD0DF120081599284684
:10761000FFF743FF16994046FFF73FFF149B2246B2
:10762000394630460093CDE901584B46FFF79FFF9E
:107630004046F9F7F9FD2846F9F7F6FD0DB0BDE82B
:10764000F08302F0C001C0290CD1C92B0AD8084B25
:1076500002F03F0153F82110044B02F4E06253F8AA
:107660002140CFE74FF0FF34CDE700BFACB70008B3
:1076700084B70008826810B50AB903F0A5FDC36895
:10768000BDE81040184708B500B9FEE700F034FC2B
:107690000068836E13B16030FFF7ECFF08BDFFF7A1
:1076A000F2BF10B500B9FEE7037F013B072B10D8EE
:1076B000DFE803F004140F100F0F0F12012400F085
:1076C0001BFC0068063400EB041083680BB1FFF765
:1076D000D1FF10BD0324F2E70424F0E70224EEE713
:1076E000FFF7DFBFFFF7DDBF01F01ABC01F020BCE0
:1076F00086B0042841D8DFE800F003101C283400CD
:107700001F4B20489A6942F004029A619B6903F07A
:1077100004030193019B06B07047194B1A489A69FC
:1077200042F008029A619B6903F008030293029BEE
:10773000F1E7134B15489A6942F010029A619B6970
:1077400003F010030393039BE5E70D4B10489A6980
:1077500042F020029A619B6903F020030493049B8A
:10776000D9E7074B0B489A6942F040029A619B693E
:1077700003F040030593059BCDE70020CBE700BF56
:107780000010024000080140000C014000100140C0
:107790000014014000180140F8B51449074600F0F4
:1077A00053FBFFF71FFD124E044656F8203073B905
:1077B000B020FFF799FF0D490546384600F044FB1D
:1077C00001462846FFF754FE56F824301D6056F84F
:1077D00024301C6844B12046FFF71EFD2046BDE85A
:1077E000F840B021FFF782BFF8BD00BF20B5000808
:1077F00084030020FCF762BE704708B5FCF752FE18
:10780000FCF7E7FEFFF7F8FF08BD70470F4B84B0A9
:10781000DA6942F08052DA61DA6902F0805201924C
:10782000019A9A6942F001029A619A6902F0010292
:107830000292029A5A6942F040025A615B6903F06F
:1078400040030393039B04B0704700BF0010024045
:107850000C4BD3F8FC20D2015EBFD3F8FC2042F0E1
:107860008072C3F8FC200022074B5A601A6842F06D
:1078700001021A6000BF00BF00BF5868B0FA80F074
:107880004009704700ED00E0001000E008B5FFF788
:10789000BDFFFFF7DDFFFCF7F3FDFFF7B6FF00F0DC
:1078A0007DFEBDE808400148FCF798BEF4000020CA
:1078B0000023C0E90033C0E90233704700230128E8
:1078C00003F101020AD11422DBB25343054A181D09
:1078D0001044816829B11A441369184713464008B7
:1078E000EDE77047940300200120FCF7F1BE022071
:1078F000FCF7EEBE0420FCF7EBBE0820FCF7E8BE68
:107900001020FCF7E5BE38B505242025A8B2FCF709
:10791000DFFE013C4FEA4505F8D138BD38B50624F5
:107920004FF48065A8B2FCF7D3FE013C4FEA450551
:10793000F8D138BD344A08B51046062300F8043B98
:10794000FFF7B6FF072302F118001375FFF7B0FF2A
:10795000082302F12C0082F82830FFF7A9FF092341
:1079600002F1400082F83C30FFF7A2FF0A23172102
:1079700002F1540082F85030FFF79AFF02F16800DC
:1079800082F86410FFF794FF02F17C0082F878100F
:10799000FFF78EFF02F1900082F88C10FFF788FF4E
:1079A00002F1A40082F8A010FFF782FF82F8B41061
:1079B000282102F1B800FFF77BFF02F1CC0082F82A
:1079C000C810FFF775FF02F1E00082F8DC10FFF746
:1079D0006FFF02F1F40082F8F010FFF769FF02F583
:1079E000847082F80411FFF763FF02F58E7082F84D
:1079F0001811FFF75DFFBDE8084002F5987082F8A6
:107A00002C11FFF755BF00BF9403002038B5054C7B
:107A1000A4F5A075143C201DF9F706FCAC42F9D181
:107A200038BD00BFD40400207B4B82B09A69013876
:107A300042F001029A619B6903F001030193019BEB
:107A400023282CD8DFE810F024002D0034003B0060
:107A5000400047004C00530058005F0068006D0074
:107A600074007D008200890092009B00A000A700A6
:107A7000B000B500BC002B002B002B00C100C800DB
:107A80002B002B002B002B00CD00D200D900E000F2
:107A9000624A536843F0E06343F00103536002B06D
:107AA00070475E4A536823F0010343F0E063F5E753
:107AB0005A4A536843F0E06343F00203EEE7574A43
:107AC000536823F00203F0E7544A536843F0E0633D
:107AD00043F00403E2E7514A536823F00403E4E768
:107AE0004E4A536843F0E06343F00803D6E74B4A3D
:107AF000536823F00803D8E7484A536843F0E0632B
:107B000043F03003CAE7454A536823F0300343F09B
:107B1000E06343F01003C1E7404A536823F03003A9
:107B2000C3E73E4A536843F0E06343F0C003B5E760
:107B30003A4A536823F0C00343F0E06343F0400344
:107B4000ACE7364A536823F0C003AEE7334A5368C4
:107B500043F0E06343F44073A0E7304A536823F4F2
:107B6000407343F0E06343F4007397E72B4A536894
:107B700023F4407343F0E06343F480738EE7274AB5
:107B8000536823F4407390E7244A536843F0E0635A
:107B900043F4406382E7214A536823F4406343F08F
:107BA000E06343F4006379E71C4A536823F44063BD
:107BB0007BE71A4A536843F0E06343F480536DE770
:107BC000164A536823F480536FE7144A536843F00E
:107BD000E06343F4004361E7104A536823F4004331
:107BE00063E70E4A536823F0E06357E70B4A536894
:107BF00023F0E06343F0807350E7084A536823F0B2
:107C0000E06343F0007349E7044A536823F0E063FC
:107C100043F0806342E700BF0010024000000140D3
:107C200091FAA1F3B3FA83F370B50D0E0F2691FA12
:107C3000A1F1B1FA81F144599B0006FA03F38900DE
:107C400024EA03048A402243425170BD91FAA1F311
:107C5000B3FA83F370B50D0E042691FAA1F1B1FACF
:107C600081F144599B0006FA03F3890024EA0304D6
:107C70008A402243425170BD431C04D00C3151F85C
:107C80000C3C5A1C01D100207047834201F10C01C9
:107C9000F5D1012070470000431C2DE9F341064651
:107CA0000F4600D1FEE7594B00F00F02C0F303105E
:107CB00001F0070853F82240FFF71AFDB8F1010F51
:107CC000054615D194FAA4F3B3FA83F30321200EE9
:107CD0002A589B0001FA03F322EA030294FAA4F360
:107CE000B3FA83F39B00994011432950012213E01A
:107CF000C7F30620B8F1030F0AD801A353F828F000
:107D0000137D0008ED7C0008777D0008857D000864
:107D1000FEE7FFF789FE08222146284608F1FF38D2
:107D2000FFF77EFFB8F1010F06D817F0080218BF61
:107D300004222146FFF78AFF94FAA4F2230EB2FA36
:107D400082F2E9580F239200934094FAA4F2B2FA17
:107D500082F2C7F301170B409200012F23FA02F3BE
:107D600012D0022F3BD0082B21D1042221462846D5
:107D7000FFF756FF1BE07F2801D10922CCE7FFF770
:107D800053FEFAE70022C7E7042B04D1082221465C
:107D90002846FFF745FF230A93FAA3F3B3FA83F2C9
:107DA0000123E968934021EA14210B43EB60184B4F
:107DB0009A6942F001029A619B6903F00103019301
:107DC000019BA6F10D03012B14D8124A536823F02E
:107DD000E06343F08063536002B0BDE8F081042BA0
:107DE00004D1082221462846FFF71AFFEB6823EA50
:107DF0001423DBE70F2E02D0133E012EECD8054AE8
:107E0000536823F0E06343F00073E4E7D8B300085D
:107E10000010024000000140431C06D1704783421D
:107E200002D18968FFF738BF0C310B685A1CF6D1B4
:107E3000FEE70B685A1C01D100207047834201D134
:107E4000486870470C31F4E7431C01D0FFF7F1BFDD
:107E5000002070474B6813B94FF0FF3070478342E2
:107E600001D1086870470C31F4E708B1FFF7F2BFA1
:107E70004FF0FF30704703460868421C00D170473E
:107E8000984201D1886870470C31F5E7431C01D056
:107E9000FFF7F1BF704703468B42084604D01BB181
:107EA00000290CBF18460020704700000F4B1A68CD
:107EB00042F001021A6059680D4A0A405A601A6875
:107EC00022F0847222F480321A601A6822F480222E
:107ED0001A605A6822F4FE025A604FF41F029A6038
:107EE0004FF00062034B9A60704700BF00100240E1
:107EF0000000FFF800ED00E00438704703681D4AF9
:107F000084B093420BD11C4B9A6942F400629A618F
:107F10009B6903F400630093009B04B07047B3F1C6
:107F2000804F0BD103F50433DA6942F00102DA61C4
:107F3000DB6903F001030193019BEEE70F4A9342D3
:107F40000AD10D4BDA6942F00202DA61DB6903F013
:107F500002030293029BE0E7094A9342DDD1064BFC
:107F6000DA6942F00402DA61DB6903F00403039387
:107F7000039BD2E7002C01400010024000040040A7
:107F8000000800400368124A934206D102F5644299
:107F9000936923F4006393617047B3F1804F05D177
:107FA0000C4AD36923F00103D36170470A4A934214
:107FB00005D102F50332D36923F00203F4E7074A3F
:107FC0009342F2D102F50232D36923F00403EBE7C6
:107FD000002C014000100240000400400008004056
:107FE000431C10D00C4B984210D007D8B0F1804FF2
:107FF0000ED0A3F5806398420CD0FEE7074B984261
:10800000FBD1192070476FF00D0070471E2070479C
:108010001C2070471D20704700080040002C0140C4
:10802000431C10D00C4B984210D007D8B0F1804FB1
:108030000ED0A3F5806398420CD0FEE7074B984220
:10804000FBD11B2070476FF00D0070471E2070475A
:108050001C2070471D20704700080040002C014084
:1080600038B50446FFF74AFF0068FFF7B9FFD4E9C7
:108070001212FCF73BFA2068FFF7B2FFFCF766FA32
:1080800022681046FFF7CCFF05461046FFF7A8FF11
:1080900085420BD0D4E912122846FCF727FA206853
:1080A000FFF7BEFFBDE83840FCF750BA38BD00000E
:1080B000431C0CD0094B98420BD007D820F48063A6
:1080C000B3F1804F07D0064B984204D0FEE7002062
:1080D0007047022070470120704700BF002C01400C
:1080E0000008004008B50649FFF7D0FEC0F3C430D1
:1080F000431E032B00D9FEE78000043808BD00BFF3
:1081000020B500082DE9F04F87B09846109B044633
:108110008A46406D624991460193FFF795FE614999
:108120008346A06DFFF790FE5F490646E06DFFF7BE
:108130008BFE5E490546206EFFF786FE0746BBF1C3
:10814000000F00F0A980A26D013202D0002E00F0D5
:10815000A380E26D013202D0002D00F09D80226EDE
:10816000013202D0002F00F0978031465846FFF7C9
:1081700092FE29462060FFF78EFE39462060FFF709
:108180008AFE2060002800F08780494B98424CD13D
:1081900003F55843DA6842F48042DA60DA6822F480
:1081A0008042DA609A6942F480429A619B6903F4E2
:1081B00080430393039B2523A4F864303849606D02
:1081C000FFF72AFE1EB13749A06DFFF725FE2DB13E
:1081D0003549E06DFFF720FE4FF480752FB133492C
:1081E000206E45F40075FFF717FE94F86520314BBB
:1081F000271D43F8227023680022C4E9013A019B3D
:1082000094F96400C4E904380C230121C4E906355B
:10821000C4F80C902262FCF769F93846002E36D17A
:1082200007B0BDE8F04FFEF7B5BB234B984215D120
:1082300003F5E6331A6942F400321A611A6922F42E
:1082400000321A61DA6942F40032DA61DB6903F460
:1082500000330493049B4FF49373ADE7174B98429C
:10826000ACD103F5E4331A6942F480221A611A6929
:1082700022F480221A61DA6942F48022DA61DB6931
:1082800003F480230593059B40F2272394E707B06E
:10829000BDE8F04FFEF74FBB07B0BDE8F08F00BF61
:1082A000E4B40008A8B400086CB4000830B40008B6
:1082B00000380140D4040020004400400048004041
:1082C00010B4019C18B1019410BCFFF71BBF10BC87
:1082D0007047000008B5074B90F8652053F822005E
:1082E000FEF782FD00F02200A0F12203584258411F
:1082F00008BD00BFD404002008B5074B90F86520E6
:1083000053F82200FEF770FD00F02100A0F12103D8
:108310005842584108BD00BFD404002070B50E4635
:10832000054610B94FF0FF3070BDFFF7D3FF04468C
:108330000028F7D1294611F8663F0122337095F8DD
:108340006500034B53F82000FEF76DFD2046EBE778
:10835000D404002038B50D460446B8B1FFF7BAFF83
:10836000A0B994F96400E564FCF7FEF894F86500A0
:10837000074B04F1660153F820000122FEF753FD7C
:1083800094F96400BDE83840FCF7E0B838BD00BFA0
:10839000D404002038B515460446B8B1016590F9FB
:1083A0006400FCF7E1F8B4F87630E16E9BB294F823
:1083B00065001944064BAAB253F82000FEF71DFBD6
:1083C00094F96400BDE83840FCF7C0B838BD00BF80
:1083D000D404002048B1836D013306D190F86520A4
:1083E000024B53F82200FEF7CFBC7047D4040020A4
:1083F00048B1836D013306D190F86520024B53F8E4
:108400002200FEF7D9BC7047D4040020836C0438E6
:108410001847C36C0438184730B5044650F804397F
:1084200085B01D6815F0010512D0002200921A686F
:1084300000925B680093009BFFF74CFF40BB01225A
:10844000204604F1620105B0BDE83040FEF7EBBC08
:10845000196811F0020106D001951A6801925B6853
:108460000193019BE8E71A6812F0040206D002911A
:108470001A6802925B680293029BDDE7196809079C
:10848000DAD503921A6803925B680393039BD3E7E0
:1084900005B030BD08B52520FCF78CF8024B1868F4
:1084A000BDE80840FEF726BBD4040020262008B50E
:1084B000FCF780F8034B586818B1BDE80840FEF798
:1084C00019BB08BDD4040020272008B5FCF772F8BA
:1084D000034B986818B1BDE80840FEF70BBB08BD18
:1084E000D404002003460A4910B508680344EFF39A
:1084F0000882934205D90C224FF0FF30054B1A60D9
:1085000010BD054A054C121B9342F4D20B60F7E7ED
:10851000000100204C070020005000200004000053
:10852000FEE700001622024B4FF0FF301A60704742
:108530004C070020012070471148854672B6BFF3F2
:108540004F8FBFF36F8F71B6002103E00D4B5B5867
:10855000435004310C480D4B42189A42F6D30C4A52
:1085600002E0002342F8043B0A4B9A42F9D3FFF79A
:108570009DFC62B661B600F02FFE00F0B3FB7047C1
:1085800000500020ACB8000800000020540100207A
:108590005401002054070020FEE700BE10B594B03F
:1085A000142200210CA800F0E9FD142200210DEB9B
:1085B000020000F0E3FD1022002101A800F0DEFD22
:1085C00002244FF480330122CDE91143CDE90A237F
:1085D0004FF4E0130AA80E921393FDF711FA00B1BD
:1085E000FEE70F23CDE905344FF480630790CDE912
:1085F0000830214605A8FDF7C5FB00B1FEE71223B0
:1086000001934FF40043CDE9033001A8FDF794FC3A
:1086100000B1FEE714B010BDB0F80831B0F8042185
:10862000981A00F03F007047B0F80831B0F8042104
:108630009BB293421ABFD0F8FC30985C4FF0FF30E9
:10864000704790F80631B0F80A01C0B2834227BFE4
:10865000C3F13F03C018C01A00F1FF30704707B5DF
:1086600003688DF8071001225B680DF10701984738
:1086700003B05DF804FB13B50DF107010446FFF7E5
:108680004DFE88B9B4F87430B4F87020013303F0AB
:108690003F03934208D0B4F874209DF80700A16E00
:1086A00092B28854A4F8743002B010BDB0F87610BD
:1086B000826F10B50A4402F03F02A0F87620B0F8AD
:1086C0007610B0F8722089B28A421AD0B0F876409B
:1086D0004032A4B2B0F87610121B544289B204F0B2
:1086E0003F0402F03F02C1F1400158BF62428A429A
:1086F00028BF0A4604498267FFF74CFE4FF0FF305F
:1087000010BD0020FCE700BFAD8600082DE9F8434E
:10871000036804469B6888461646984701232374DD
:10872000D4F8EC30B4F8067101338146C7F1400744
:1087300009D194F8103133B1002304F1940084F886
:108740001031FFF747FE236820469B6898470028B2
:10875000F9D03546AF4225D34D4523D8B4F806317C
:10876000D4F800015A19402A184430D82A46414604
:1087700000F060FD2F46B4F806311D4405F03F05BA
:10878000A4F8065104F194052846FFF7B5FD30B969
:108790003A4628461549C4F80C71FFF7FBFD3046F0
:1087A000BDE8F8834F4528BF4F4623683A46414607
:1087B0005B6820469847236820469B689847ED1BD6
:1087C000B844B4F806718146C7F14007C2E7C3F167
:1087D00040073A46414600F02DFDD4F80001EA1B5F
:1087E00008EB070100F026FDC5E700BFAD860008D5
:1087F000C0F8F030009B914208BF4FF0FF31C0F845
:10880000F43000F11103C0F8FC300023C0E93A2134
:1088100000F15102A0F80831C0E94023A0F80A3164
:1088200070470000F7B54FF47A7317460022C0E98D
:1088300001231C4B044603604FF0FF33C0F8EC30BB
:10884000194B1A4E9C420D46F06A05D1B36AC4F822
:10885000EC30C4F8E8000AE01549FFF7F5FA854264
:1088600015D1B36AC4F8EC30F36AC4F8E8304FF0BD
:10887000FF33012F08BFC4F8EC3000932046D4E941
:108880003A214FF0FF33FFF7B3FF03B0F0BD2846A6
:108890000849FFF7EAFA0649C4F8EC002846FFF752
:1088A000E4FAD6E748B80008E0040020ACB70008B6
:1088B000E4B40008A8B40008037C70B504460D4673
:1088C000A3B1FBF7FBFD0646B4F80621B4F80A3164
:1088D0009BB29A420AD0002DF8D0FBF7EFFD801B27
:1088E0008542F1D8B4F80A31A4F8063170BD0021F0
:1088F000FFF7E2BFD0F8EC3010B5013304460ED1DB
:108900000368DB68984794F8103143B9012304F1F8
:10891000940084F81031BDE81040FFF769BD10BD28
:1089200073B5144602F00703023BDBB2042B80F858
:10893000112196BF1A4A0022D25C04F03003302B7A
:108940000546C0F8141107D14FF4C0630132082A5C
:1089500009D0092A1BD0FEE714F020031CD04FF4E5
:1089600080630132F3E70022C4F3C00405F19406EA
:10897000640330460094FFF7A3FC2846FFF7BAFFD4
:108980003046084902B0BDE87040FFF7E3BC4FF441
:108990008052E9E71A46E7E7082AFBD0DBE700BF89
:1089A00038B800087786000810B50446FFF7A2FF24
:1089B000B4F80821B4F8043192B29A4217BFD4F83F
:1089C000FC204FF0FF30D05C01331CBF03F03F03AD
:1089D000A4F8043110BD0000002202490248FFF74C
:1089E00021BF00BF00380140E00400202DE9F04124
:1089F00006460D460C468F18BC4202D1601BBDE8EE
:108A0000F081A046336830461B6818F8011B984770
:108A10000028F3D04446EFE770B505460C460846FB
:108A200049B1F7F775FB2B68024621462846BDE899
:108A300070405B68184770BD08B5FFF7EDFF08BDD3
:108A400008B5FFF7E9FF08BD03681B681847000079
:108A500008B50249FFF7E0FF08BD00BF11B30008E9
:108A60000023012A98BF0A2230B58BB00C468DF83E
:108A7000243009A92546B4FBF2F404FB1253DBB2FF
:108A8000092B94BF30333733DBB2AA4201F8013DE2
:108A9000F0D9FFF7C1FF0BB030BD2DE9F04107461B
:108AA0000E4614462AB9BDE8F0410368C9B21B68F6
:108AB00018470A2A05D1002905DBBDE8F041FFF778
:108AC000CFBFD2B2F9E72D21FFF7BEFF2246054600
:108AD00071423846FFF7C4FF2844BDE8F081FFF734
:108AE000DCBF38B50546FFF7D8FF04462846FFF738
:108AF000AFFF204438BD10B5044600F0EFF9E06048
:108B0000236820465B699847002808DA00F0E6F9F8
:108B1000E368C01AA3689842F2D34FF0FF3010BD4B
:108B2000F8B507460D460C468E18B44201D1601BBD
:108B3000F8BD3846FFF7DFFF031EF8DB04F8013B02
:108B4000F3E72DE9F0410746884616461D4673B106
:108B500000243846FFF7CFFF031E05DB434503D053
:108B600033550134A542F4D12046BDE8F0811C46BE
:108B7000FAE700002DE9F04F1446A7B01F46002287
:108B8000002380468946F7F7F9FE309D064618B166
:108B900009F10043994601264FF0000A002046499A
:108BA000574571DC02460B4640464946F7F7BEFA88
:108BB00002460B46CDE90223F7F746FF8246002F17
:108BC0006BD04FF0000B4FF00008DFF8F0904046FC
:108BD000494600223A4BF7F75FFC0BF1010B5F456A
:108BE00080468946F3DC5046F7F7DCFB02460B462D
:108BF000DDE90201F7F798FA42464B46F7F74CFCDD
:108C0000F7F7FAFE3B4652460090002E43D02D491E
:108C1000284600F079FA8122002105A800F0AEFA7A
:108C2000002C2846AEBF002601266442F7F770FAF2
:108C3000A04225D28022202105A800F09FFA2846D4
:108C4000F7F766FA241A04F198030DEB03040023E6
:108C500004F8843C56BB2846F7F75AFA013000F076
:108C60005FF90446294600F0DDFA05A9284600F020
:108C7000D9FA2146284600F089FA204600F058F932
:108C8000284627B0BDE8F08F00220D4BF7F72EFDE8
:108C90000AF1010A84E70C49BAE7024626B10B49FA
:108CA000284600F031FAB6E70949F9E7284605A950
:108CB00000F06CFAE4E700BF0000E03F0000F03F86
:108CC0000000244014B3000815B300081FB30008C7
:108CD00020B3000808B50320FBF7F6FBBDE8084009
:108CE00000F01AB908B5AFF30080F8F719FBFAF7EE
:108CF00079F800F003F9FAE7C0F30312042A0346F7
:108D000010B50ED80020084AD9B252F8044B8C4254
:108D100003D103F4E063184310BD01302328F4D1DC
:108D2000FAE72320F8E700BFACB70008C3B2222B54
:108D30002DE9F0410D462AD8274A00F4E06452F8A4
:108D400023301C43621C44D0244EC4F3031756F84E
:108D5000273004F00F0823FA08F3DB0710D520466C
:108D60001F49FEF789FF10B12046FEF715FD0122CD
:108D700056F8273002FA08F223EA020346F82730B1
:108D8000052D15D8DFE805F015211B1D1F2300F068
:108D9000C002C02A1DD1C92B1BD8124B00F03F02C4
:108DA00053F822200C4B00F4E06453F82230C8E75B
:108DB000FEE700212046BDE8F041FEF76DBF10211F
:108DC000F8E72021F6E70321F4E70121F2E7092182
:108DD000F0E7BDE8F08100BFACB70008F80500205F
:108DE00020B5000884B70008C3B2222B19D8184A4E
:108DF00000F4E06052F823301843C0F30313042B4F
:108E000098BF144A00F00F0098BF52F82320124B6D
:108E100088BF002253F82030C3F30F23A9B1136198
:108E2000704700F0C002C02A0CD1C92B0AD80B4BE6
:108E300000F03F0253F82220054B00F4E06053F8A5
:108E40002230D9E74FF0FF30D7E75361704700BFBA
:108E5000ACB70008E0000020D8B3000884B70008D1
:108E6000C3B2222B0CD8194A00F4E06052F8233028
:108E70001843C0F30313042B16D900239B68FFDEAD
:108E800000F0C002C02A0CD1C92B0AD8104B00F048
:108E90003F0253F822200D4B00F4E06053F82230DB
:108EA000E6E74FF0FF30E4E70A4A00F00F0052F81F
:108EB0002330094A9B6852F82020D84300EA122048
:108EC00080B2B0FA80F04009704700BFACB700082C
:108ED00084B70008E0000020D8B30008FEF78ABC81
:108EE00038B5044648B1FEF785FC054600F016F893
:108EF000FEF780FC431BA342F8D338BD08B5044BF2
:108F00002BB10448FFF788FB08B1AFF3008008BD20
:108F100000000000E0040020FEF7B8BC704700002D
:108F2000024B0146186800F02DB800BF0401002074
:108F3000024B0146186800F091B900BF04010020FF
:108F400070B50F4E0C463168054611B900F02EF988
:108F500030602146284600F029F9431C03D14FF028
:108F6000FF34204670BDC41C24F00304A042F8D096
:108F7000211A284600F01AF90130F2D1EFE700BFBC
:108F80000C0600202DE9F843CD1C25F0030508351B
:108F90000C2D38BF0C25002D064601DBA94204D953
:108FA0000C2333600020BDE8F883DFF8D48000F0A4
:108FB00069F8D8F800301C4644BB29463046FFF714
:108FC000BFFF431C044658D1D8F800402746002F65
:108FD00043D1002C4BD023683946304604EB0309BB
:108FE00000F0E4F8814542D1216830466D1A2946E7
:108FF000FFF7A6FF01303AD023682B442360D8F84E
:1090000000305A6862BBC8F800700FE02268521B3B
:1090100020D40B2A17D96119A342256018BF5960C3
:10902000636808BFC8F8001062514B60304600F01A
:109030002FF804F10B00231D20F00700C21A1CBFFB
:109040001B1AA350AFE76268A3420CBFC8F8002008
:109050005A60EBE723466468AEE73C467F68B6E7B4
:109060001A465B68A342FBD100235360DEE70C2362
:109070003046336000F00CF894E70560D6E700BF97
:1090800010060020014800F0CBB800BF50070020B8
:10909000014800F0C6B800BF50070020024B0A4646
:1090A0000146186800F002B8040100202DE9F041E3
:1090B000074614460D4621B91146BDE8F041FFF7B9
:1090C00061BF2AB900F0CAF825462846BDE8F081FC
:1090D00000F00CF98442064602D8B4EB500FF4D8E5
:1090E00021463846FFF74EFF804608B94546ECE773
:1090F000B4422246294628BF324600F09BF8294652
:10910000384600F0ABF8F1E70EB46FF0004100B55F
:109110009CB01DAB02900690079104910848094944
:1091200053F8042B0591006802A9019300F042F95D
:109130000022029B1A701CB05DF804EB03B070476C
:10914000040100200802FFFF884210B501EB020471
:1091500002D98442234607D8431EA14208D011F801
:10916000012B03F8012FF8E7014602448A4200D19F
:1091700010BD13F8014D02F8014DF7E70346024414
:10918000934200D1704703F8011BF9E7024610B57E
:10919000147813460132002CFAD1013B11F8012B4F
:1091A00003F8012F002AF9D110BD000038B50023C3
:1091B000054D044608462B60FFF794F9431C02D185
:1091C0002B6803B1236038BD4C070020014B1868A1
:1091D000704700BF0401002070B500260C4D0D4CF7
:1091E000641BA410A64209D101F0F2FF00260A4D2B
:1091F0000A4C641BA410A64205D170BD55F8043B6F
:1092000098470136EEE755F8043B98470136F2E7F8
:1092100088B8000888B8000888B80008A0B8000816
:1092200070477047034611F8012B03F8012B002A01
:10923000F9D170470A44914200F1FF3300D17047E1
:1092400010B511F8014B914203F8014FF9D110BD4F
:1092500000200149704700BF0000F87F38B505467F
:10926000002940D051F8043C0C1F002BB8BFE41873
:10927000FFF708FF1C4A136833B96360146028467F
:10928000BDE83840FFF704BFA34208D92068211881
:109290008B4201BF19685B6809182160EDE71A4627
:1092A0005B680BB1A342FAD911685018A0420BD1E8
:1092B00020680144501883421160E0D118685B684F
:1092C000084410605360DAE702D90C232B60D6E71C
:1092D000206821188B4201BF19685B68091821605A
:1092E00063605460CBE738BD1006002051F8043CA1
:1092F000181F002BBCBF0B58C01870472DE9F04752
:109300001F468E688246BE420C4690460B682DD89A
:10931000B1F90C2012F4906F26D06569096905EB4C
:109320004505A3EB010905EBD5757B1C4B446D107E
:109330009D4238BF1D46530527D52946FFF722FE1B
:10934000064660B34A462169FFF774FFA38923F4F8
:10935000906343F08003A38126614E4426603E461D
:109360006561A5EB0905A560BE4200D93E463246BF
:1093700041462068FFF7E8FE0020A3689B1BA3601E
:10938000236833442360BDE8F0872A46FFF78EFE4A
:1093900006460028E0D150462169FFF75FFF0C2305
:1093A000CAF80030A3894FF0FF3043F04003A38197
:1093B000E9E700002DE9F04F98468B8907461B0628
:1093C0000D4614469DB010D50B6973B94021FFF7C7
:1093D000D9FD2860286130B90C233B604FF0FF3085
:1093E0001DB0BDE8F08F40236B610023099320235B
:1093F0008DF8293030234FF00109CDF80C80DFF8CB
:1094000098818DF82A3023469A4613F8012B0AB129
:10941000252AF9D1BAEB040B0BD05B46224629462C
:109420003846FFF76BFF013000F0A780099A5A44D5
:1094300009929AF80030002B00F09F8000234FF033
:10944000FF32CDE905230AF1010A049307938DF851
:1094500053301A935446052214F8011B4E4800F06D
:1094600035FA049AD8B9D00644BF20238DF853307A
:10947000110744BF2B238DF853309AF800302A2B64
:1094800015D0544600204FF00A0C079A214611F8D7
:10949000013B303B092B4BD9B0B1079214E0A0EB54
:1094A000080309FA03F31343A2460493D2E7039B8C
:1094B000191D1B680391002BBBBF5B4242F00202E7
:1094C00007930793B8BF049223782E2B0AD16378B1
:1094D0002A2B32D1039B02341A1D1B68039243EAE4
:1094E000E3730593DFF8B4A003225046217800F01F
:1094F000EDF938B14022049BA0EB0A0082401343EF
:109500000134049314F8011B062225488DF8281015
:1095100000F0DCF9002836D0224B1BBB039B07333D
:1095200023F0070308330393099B334409936AE745
:109530000C4601200CFB0232A8E700234FF00A0C76
:10954000194601340593204610F8012B303A092AB8
:1095500003D9002BC6D00591C4E7044601230CFBB8
:109560000121F0E703AB00932A4638460E4B04A9CD
:10957000AFF30080421C0646D6D1AB895B063FF5AF
:109580002DAF09982CE703AB00932A463846064BCB
:1095900004A900F07DF8EDE724B300082AB3000821
:1095A0002EB3000800000000FD9200082DE9F047EE
:1095B000164698468A680B6907469342B8BF134619
:1095C000336091F843200C46DDF820900AB1013356
:1095D00033602368990642BF3368023333602568DD
:1095E00015F0060506D104F1190AE36832689B1AE2
:1095F000AB422BDC94F843302268003B18BF0123B8
:10960000920630D44146384604F14302C84701303F
:1096100023D02368226903F00603042B14BF00251E
:1096200033684FF0000608BFE56804F11A0408BF6C
:10963000ED1A54F8123C08BF25EAE5759342C4BF01
:109640009B1AED18B5421AD1002008E001235246BA
:1096500041463846C847013003D14FF0FF30BDE8DE
:10966000F0870135C1E73020E11881F843005A1C2A
:1096700094F845102244023382F84310C2E70123D4
:10968000224641463846C8470130E6D00136D9E780
:109690002DE9FF470F7E9146782F80460C469A466B
:1096A0000C9E01F1430207D8622F0AD8002F00F068
:1096B000D180582F00F0B88004F1420684F842703F
:1096C0003AE0A7F16303152BF6D801A151F823F076
:1096D000299700083D970008B9960008B996000838
:1096E000B9960008B99600083D970008B996000899
:1096F000B9960008B9960008B99600083B9800088A
:1097000067970008F5970008B9960008B996000811
:109710005D980008B996000867970008B996000898
:10972000B9960008FD97000833681A1D1B6832605F
:1097300004F1420684F8423001239CE0336820683B
:10974000191D3160060601D51D6803E04506FBD5ED
:10975000B3F90050002D03DA2D236D4284F8433015
:109760000A23584811E021683368080653F8045B5F
:1097700002D4490648BFADB26F2F336014BF0A232D
:1097800008235048002184F843106668002EA66024
:1097900005DB21682E4321F0040121604BD01646E1
:1097A000B5FBF3F103FB1157C75D06F8017D2F46AA
:1097B000BB420D46F4D9082B0BD12368DF0708D52F
:1097C000236961689942DEBF302306F8013C06F147
:1097D000FF36921B22614B4621464046CDF800A041
:1097E00003AAFFF7E3FE01304AD14FF0FF3004B087
:1097F000BDE8F087236843F02003236078273248D0
:1098000084F84570236831681F0651F8045B02D460
:109810005F0648BFADB23160D90744BF43F02003B3
:1098200023601DB11023ADE72648E9E7236823F044
:1098300020032360F6E71646BDE733682568181D48
:10984000616930602E061B6801D5196002E0680668
:10985000FBD51980002316462361BCE7336800213D
:109860001A1D32601E686268304600F02FF808B199
:10987000801B606063682361002384F84330AAE79B
:109880003246494640462369D0470130ADD023686F
:109890009B0713D4E068039B9842B8BF1846A6E71D
:1098A0000123324649464046D04701309DD001351C
:1098B000E36803995B1AAB42F2DCEBE7002504F1A5
:1098C0001906F5E735B3000846B30008034610B59E
:1098D000C9B202449342184601D1002003E0047843
:1098E00001338C42F6D110BD062008B500F02CF8EB
:1098F0000120FEF715FE1F2938B505460C4604D990
:10990000162303604FF0FF3038BDC26B12B152F81E
:1099100021304BB9284600F031F82246014628464E
:10992000BDE8384000F018B8012B0AD0591C03D10B
:10993000162303600120E7E70021204642F82410A7
:1099400098470020E0E70000024B01461868FFF747
:10995000D2BF00BF0401002038B50023064D0446E5
:10996000084611462B60FEF7DDFD431C02D12B6833
:1099700003B1236038BD00BF4C070020FEF7DABDFD
:10998000F8B504460D4600F027F9224606460F4674
:109990002B4620462946F7F719F898B900220023EC
:1099A00020462946F6F7F4FF60B100220023204646
:1099B0002946F6F7D9FF40B1FFF708FC222300261D
:1099C000074F036030463946F8BDFFF7FFFB212201
:1099D000034604481A60BDE8F840FFF739BC00BFF1
:1099E0000000F0FF6CB800082DE9F84314461D464E
:1099F0008046894600F074F9224606460F462B46FB
:109A000020462946F6F7E2FF78B9002200234046B7
:109A10004946F6F7A9FFD8B100220023204629467F
:109A2000F6F7A2FF28B10026254F30463946BDE89B
:109A3000F8832046294600F045F80028F5D0204656
:109A4000294600220023F6F799FF0028EDD02CE0EC
:109A50003046394600F036F8A0B1002200233046E7
:109A60003946F6F781FF0028DFD04046494600F02E
:109A700029F80028D9D02046294600F023F80028EC
:109A8000D3D012E04046494600F01CF80028E4D04C
:109A90002046294600F016F80028DED032463B4624
:109AA00030463946F6F792FF20B9FFF78FFB2223A5
:109AB0000360BAE7FFF78AFB21230360B5E700BF25
:109AC0000000F03F41F0004000F58010C00F7047EB
:109AD000C1F30A5C2DE9F041ACF2FF35132D0246CB
:109AE0000B460C46064632DC002D20DBDFF8E0801A
:109AF0000F4648FA05F801EA080C5CEA000C2BD086
:109B000031A3D3E90023F6F711FB00220023F6F777
:109B100053FF40B1002C03DA4FF480132B411F4454
:109B2000002627EA080421463046BDE8F08126A336
:109B3000D3E90023F6F7FAFA00220023F6F73CFFF8
:109B40000028F0D0002C27DB00263446EBE7332D2D
:109B500006DDB5F5806F1CD010461946BDE8F081D2
:109B60004FF0FF37ACF2134C27FA0CF70742F3D053
:109B700015A3D3E90023F6F7D9FA00220023F6F75C
:109B80001BFF0028CFD0002C33460CDB23EA07064E
:109B9000C9E7F6F7CBFAE1E724F0004426430DD1FC
:109BA0004FF00044BFE7142D06D00122C5F1340563
:109BB000AA401344B342E9D20134E7E70026054C3A
:109BC000B1E700BFAFF300809C7500883CE4377EAE
:109BD000FFFF0F000000F0BFB1F5801F2DE9F84333
:109BE00004460D460B461ADA21F0004606430246AB
:109BF00052D0002958DB0022354BF6F74DFC0D46BC
:109C00002B46344A044693426FF035010BDD224661
:109C10002B4620462946F6F789FABDE8F8832D4AF7
:109C200000219342F3DC1815A0F2FF300844C70F5F
:109C300000EBD070C3F31306F6F7C4FBC7F57F73D0
:109C4000033346EA03551CA3D3E900238046894623
:109C5000F6F722FC02460B462046294614461D46CE
:109C600000F082FF16A3D3E90023F6F715FC224685
:109C70002B46F6F75BFA14A3D3E9002304460D46FE
:109C800040464946F6F708FC02460B462046294660
:109C9000F6F74CFABDE8F8830022002300200E49B5
:109CA000F6F724FDBDE8F883F6F73EFA002200231C
:109CB000F6F71CFDB1E700BF362BF111F3FE593D5D
:109CC0000EE526157BCBDB3F00609F501344D33F4E
:109CD00000005043FFFFEF7F000050C30000000072
:109CE0002DE9F04F23F000470D4657EA0201924656
:109CF0009B46044693B010D12319814885F4002275
:109D000052419942904121D252465B462046294613
:109D1000F6F70CFA13B0BDE8F08F9946794B25F0B1
:109D2000004199422E460090029114D9009B06F101
:109D3000404606F580161E43E6D153467049DB18AF
:109D40008BF4002252419E429141DDD300206E49A6
:109D500013B0BDE8F08F14D09F42E7D8029B00F00B
:109D6000A580002E15DB002A40F0B88066498F429E
:109D700040F0CE83B9F1000FC0F2B58420462946E9
:109D8000C8E70028C0D18F42BED800F0F283029B02
:109D9000E7E75E498F4200F2B5835D498F423DD8C7
:109DA000002A40F0C483B9F1804F30D0904620465D
:109DB0002946049300F038FD009A049B002A4DD0F8
:109DC000F20F013A52EA080C00F09680002408F1E4
:109DD000FF3858EA020814BF4B4D4E4DB7F1844F7F
:109DE000CDE9064540F29A804B4B029A9F42484B80
:109DF00040F2F6839A4200F28784B9F1000FC0F274
:109E00008784002013B0BDE8F04F00F0B3BD2246B8
:109E10002B4620462946F6F73FFB7BE73915A1F292
:109E2000FF31142940F34684C1F1340122FA01F0D4
:109E300000FA01F1914200F0AF84002A40F07783EC
:109E4000B9F1804F0493E2D02046294600F0ECFCA3
:109E5000009A049B002A4FD1DDF800802A4A26F0A0
:109E6000404C944502D0029A002AA9D1B9F1000FC2
:109E700005DA02460B4600202349F6F737FC002E90
:109E8000BFF648AF029B03F1404B0BF5801B5BEA2A
:109E9000080B40F0308402460B4610461946F6F790
:109EA00043F902460B46F6F721FC33E7002A7FF41C
:109EB0003DAF029B009A03F1404303F58013134327
:109EC0003FF444AF124B029A9A4240F2E683B9F152
:109ED000000FC0F25084504659461BE74FF000086F
:109EE00020462946049300F09FFC009A049B002A18
:109EF000B4D0F20F013A69E722462B46CDE700BF06
:109F00000000F0FF0000F07F0000F03FFFFF3F4344
:109F1000FFFFEF3F0000F0BF0000F043D04A3240A7
:109F2000002A40F02A83CF4B0022F6F7B5FA6FF0F3
:109F300034040B461A15A2F2FF321519CA4AC3F3AC
:109F4000130343F07F5493420B9544F4401407DD10
:109F5000C64A934240F3E28301350B95A4F5801481
:109F60000022002300260025C14FCDE90823CDE9BA
:109F70000467CDE91023DDE9042321468046F6F786
:109F8000D3F8DDE90423A14606460F4640462146A4
:109F9000CDE90C89F6F7CAF802460B460020B44911
:109FA000F6F7A4FB02460B4630463946CDE90E23B0
:109FB000F6F772FA80468946641044F0005404F5BE
:109FC000002359190D464A46414600230020CDE999
:109FD00000120093044602462B46CDE90289DDE9D2
:109FE000008940464946F6F757FA02460B46304686
:109FF0003946F6F799F8DDE9042306460F46204670
:10A000002946F6F791F802460B46DDE90C01F6F712
:10A010008BF842464B46F6F73FFA02460B4630466F
:10A020003946F6F781F8DDE90E23F6F735FADDE972
:10A030000245CDE9040122462B4620462946F6F783
:10A040002BFA75A3D3E9002304460D46F6F724FA4C
:10A0500073A3D3E90023F6F769F822462B46F6F7F7
:10A060001BFA71A3D3E90023F6F760F822462B46CA
:10A07000F6F712FA6EA3D3E90023F6F757F8224653
:10A080002B46F6F709FA6CA3D3E90023F6F74EF84E
:10A0900022462B46F6F700FA69A3D3E90023F6F728
:10A0A00045F8224606460F462B4620462946F6F737
:10A0B000F3F902460B4630463946F6F7EDF9044609
:10A0C0000D46DDE9020142464B46F6F72FF8DDE981
:10A0D0000423F6F7E1F922462B46F6F727F8424625
:10A0E00006460F464B4640464946F6F7D5F900224C
:10A0F000604B04460D46F6F719F832463B46CDE96B
:10A100000C67F6F713F800260F4632463B464046EA
:10A110004946F6F7C1F9002280468946304639465D
:10A12000544BF6F701F822462B46F5F7FDFF0246A1
:10A130000B46DDE90C01F5F7F7FFDDE90223F6F741
:10A14000ABF9324604460D46DDE904013B46F6F71D
:10A15000A3F902460B4620462946F5F7E7FF0646D7
:10A160000F46002432463B4640464946F5F7DEFF9F
:10A1700035A3D3E9002320460D46F6F78DF9424674
:10A180004B468046894620462946F5F7CDFF0246D4
:10A190000B4630463946F5F7C7FF2DA3D3E9002318
:10A1A000F6F77AF902460B462046294614461D4624
:10A1B00029A3D3E90023F6F76FF902460B462046A0
:10A1C0002946F5F7B3FFDDE91023F5F7AFFF0446A5
:10A1D0000B980D46F6F7F6F806460F4622462B4634
:10A1E00040464946CDE90289F5F7A0FFDDE908239D
:10A1F000F5F79CFF32463B46F5F798FF00203246C4
:10A200003B4680468946F5F78FFFDDE90823F5F7E1
:10A210008BFFDDE902232FE0EF4E454A287ECA3F3F
:10A2200065DBC9934A86CD3F01411DA96074D13FCA
:10A230004D268F515555D53FFFAB6FDBB66DDB3FDC
:10A24000033333333333E33F000000E009C7EE3F0D
:10A25000FD033ADC09C7EE3FF5015B14E02F3EBE7B
:10A260000000F07F000040438E98030079B60B0099
:10A270000000F03F00000840F5F756FF02460B468D
:10A2800020462946F5F750FF0023CDE900AB0093A7
:10A29000DDE90067CDE9020132463B4650465946AA
:10A2A000F5F742FF42464B46F6F7F6F852460446AB
:10A2B0000D46DDE902015B46F6F7EEF802460B4675
:10A2C00020462946F5F732FF04460D4632463B4606
:10A2D00040464946CDE90245F6F7DEF806460F4608
:10A2E000204629463B463246F5F720FFB64B04464A
:10A2F00099420D46884640F31C8101F13F4303F526
:10A30000E003034340F01B829DA3D3E90023DDE972
:10A310000201F5F70BFF02460B462046294614467C
:10A320001D4632463B46F5F7FFFE02460B462046E9
:10A330002946F6F741FB002840F001824FF40073F4
:10A3400000204344C3F30A52A04CA2F2FF3214414E
:10A35000C3F3130AC2F1140204EA03014AF4801A97
:10A360000B464AFA02FAB8F1000F02463946304667
:10A37000B8BFCAF1000AF5F7D7FE06460F46DDE979
:10A38000020132463B46F5F7D1FE0D464FEA0A5B25
:10A3900000247DA3D3E9002320462946F6F77CF864
:10A3A0003246804689463B4620462946F5F7BCFEA4
:10A3B00002460B46DDE90201F5F7B6FE74A3D3E9C8
:10A3C0000023F6F769F802460B4620462946144654
:10A3D0001D4671A3D3E90023F6F75EF802460B464B
:10A3E00020462946F5F7A2FE06460F4632463B4672
:10A3F00040464946F5F79AFE42464B4604460D460E
:10A40000F5F792FE02460B4630463946F5F78CFECC
:10A410002246804689462B4620462946F6F73CF8D8
:10A420005FA3D3E9002306460F46F6F735F85EA38F
:10A43000D3E90023F5F778FE32463B46F6F72CF8D1
:10A440005BA3D3E90023F5F771FE32463B46F6F7EE
:10A4500023F859A3D3E90023F5F766FE32463B46BD
:10A46000F6F71AF856A3D3E90023F5F75FFE324654
:10A470003B46F6F711F802460B4620462946F5F70B
:10A4800053FE06460F4632463B4620462946F6F71F
:10A4900003F802460B463046394616461F46002250
:10A4A0004FF08043F5F740FE02460B4630463946F2
:10A4B000F6F71CF9424606460F464B46204629460B
:10A4C000F5F7EAFF42464B46F5F730FE02460B46EB
:10A4D00030463946F5F728FE22462B46F5F724FE8E
:10A4E00002460B4600203A49F5F71EFE0C465C4436
:10A4F000B4F5801FC0F22D812146DDE90623F5F772
:10A50000CBFF07E44FF00208002A7FF4E9AC4EE4E9
:10A51000B9F1804F3FF47BAC2E4989457FF446ACBE
:10A520002046294613B0BDE8F04F00F02FBA04933F
:10A530008AE4DFF8A4C021F00043634540F2CB80F9
:10A54000264B0B4403430AD132463B46F5F7ECFD5C
:10A55000DDE90223F6F726FA00283FF4EFAEDDE945
:10A56000060100220023F6F709FA003818BF01207F
:10A5700048E4002A7FF4C8ABA4E40024DAE400BF76
:10A58000FE822B654715973C00000000432EE63FF6
:10A59000EF39FAFE422EE63F396CA80C615C20BE12
:10A5A000D0A4BE726937663EF16BD2C541BDBB3ED9
:10A5B0002CDE25AF6A56113F93BDBE166CC1663FB7
:10A5C0003E5555555555C53FFFFF8F400000F0FFE4
:10A5D0000000F03F0000E03FFFCB904000346F3FB1
:10A5E0009A42C0F0BA80029A8B4B9A424FF0000216
:10A5F00000F2C580884BF5F797FD7BA3D3E90023D4
:10A6000004460D46F5F748FF79A3D3E900238046B9
:10A61000894620462946F5F73FFF0022CDE9000193
:10A620007E4B20462946F5F737FF02460B4672A1BE
:10A63000D1E90001F5F778FD22462B46F5F72CFF0E
:10A6400002460B4600207649F5F76EFD22462B4662
:10A6500006460F4620462946F5F71EFF02460B46E2
:10A6600030463946F5F718FF65A3D3E90023F5F71F
:10A6700013FF02460B46DDE90001F5F755FD0446E0
:10A680000D464046494622462B46F5F74FFD002031
:10A6900042464B4680468946EEE5B9F1000F4FF041
:10A6A00000004FF00001BFF635AB50460BF1004102
:10A6B000FFF730BB002A7FF43AAFC1F1140147FA2B
:10A6C00001F000FA01F1B9426DD053498F423FF4D5
:10A6D00051ABFFF768BB524A93427AD8DDE90023B9
:10A6E0009346924654E622462B4600204A49F5F707
:10A6F000FDFFFFF70FBBB8F1010F7FF40BAB01F1CA
:10A7000000431946FFF706BBB9F1000F7FF779AB9D
:10A71000002013B0BDE8F04F00F032B90022414BE9
:10A720004FF48025CDE9042337A3D3E90023CDE9F5
:10A73000082337A3D3E90023CDE910231BE400222B
:10A74000DDE906010023F6F719F9003818BF0120EA
:10A75000DFE7524600F06CF8CFE60022DDE90601A3
:10A760000023F6F70BF9003818BF0120B9F1000FEC
:10A77000BFF648ABCDE700200021FFF7CBBA00239E
:10A78000DDE90601F6F7FAF8003818BF0120B9F143
:10A79000000FBEDCFFF736BB9AB100F00100C0F13C
:10A7A0000208FFF79DBB1C4A97423FF4E3AAB9F1A8
:10A7B000804F3FF42CAB00F00100C0F10208FFF71E
:10A7C000F6BAB9F1804F3FF422AB4FF00208FFF721
:10A7D000EEBA4FF480121B15A3F2FE3342FA03F3D4
:10A7E000AEE500BFAFF30080000000604715F73F03
:10A7F00044DF5DF80BAE543E555555555555D53F84
:10A80000FE822B654715F73F0000004003B8E23F8A
:10A8100006D0CF43EBFD4C3E0000F03F0000D03FA0
:10A820000000E03F0000F83F21F000431946704768
:10A830002DE9F0411646C1F30A52074688460B46F9
:10A840006ABB21F00043034327D0334B0022F5F7C6
:10A8500023FE324B07469E4288463CDB0B46C1F343
:10A860000A52363A4CF250318E4221DC164440F204
:10A87000FE7296421CDC002E26DC16F1350F31DB11
:10A8800023F0FF4121F4E001363641EA065500226B
:10A8900038462946224BF5F7FFFDBDE8F08140F22E
:10A8A000FF7C6245DED10246F5F740FCBDE8F08151
:10A8B000454615A3D3E9002363F31E05294619482D
:10A8C000F5F7EAFDBDE8F0816FF31E53384643EA21
:10A8D0000651BDE8F0810EA3D3E90023F5F7DCFDB6
:10A8E000BDE8F08108F0004444F0D27141F4B73182
:10A8F00007A3D3E900230C4841F01F01F5F7CCFD75
:10A90000CBE700BFAFF300809C7500883CE4377E46
:10A9100059F3F8C21F6EA50100005043B03CFFFF81
:10A920000000903C9C75008859F3F8C2D0B50646EB
:10A930000F461446FEF74AFC0346394630461C6073
:10A94000D0BD00BF00B583B080B1104603F1004117
:10A95000CDE9000110461946DDE90023F5F79CFD1D
:10A96000222203B05DF804EBFFF7E0BF1046194662
:10A97000EEE700BF00224FF08053FFF7E3BF00BFB8
:10A9800000224FF0E043FFF7DDBF00BF2DE9F84F95
:10A99000724D06468D430F4600F0A48000290C46F8
:10A9A0000246034656DD081500F0C780C4F31302C3
:10A9B000C107A0F2FF3742F4801203D4D90F01EB94
:10A9C00042025B00002616244FF40011B4465200E8
:10A9D00002EBD3727F105B000CEB010090424FEA58
:10A9E000D3754FEA430303DC00EB010C121A0E444B
:10A9F000013C05EB42024FEA5101EDD120254FF019
:10AA00000040A0460AE03CD0510001EBD371013D6B
:10AA10000A464FEA43034FEA50003ED0944508EB04
:10AA2000000EF0DABEF1000F0EEB00080CDBE14681
:10AA3000A2EB0C01CC469E4588BF01F1FF314900D5
:10AA4000A3EB0E030444E0E7B8F1000FEFDB0CF1D9
:10AA50000109EDE721F0004505433DD0002964D10F
:10AA6000DA0A153C5B05002AFAD0D60220461946C0
:10AA7000144663D520254FF0FF32E940801A0C437D
:10AA800094E79E4502D94FEA4C01BEE7BEF1000FA4
:10AA90000EEB000822DB0021D2E7194312D0DFF8C9
:10AAA000C0A0DFF8C0B0DAE90001DBE90023F5F768
:10AAB0003BFBDAE9008902460B4640464946F5F77A
:10AAC00067FFC8B96508731003F17F5303F50013DE
:10AAD00003EB075145EAC670BDE8F88FB8F1000FE7
:10AAE000B5DAD8E702460B46F5F7D6FC32463B46C8
:10AAF000F5F71CFBBDE8F88FB4F1FF3FDAE9000180
:10AB0000DBE9002326D0DAE90089F5F70FFB0246DE
:10AB10000B4640464946F5F731FFE8B1A31C04F166
:10AB2000020508BF01366D08CDE70B46F5F7FCFAC4
:10AB300002460B46F5F7DAFDCEE731460023640006
:10AB4000E5021A4603F10103F9D5C3F1200501FA24
:10AB500003F392E70136B6E70134B3E70000F07F74
:10AB600078B8000870B800082DE9F04FB1F5801FE3
:10AB700002460B460E4687B080F2858021F00045E4
:10AB8000054300F021810029C0F261810022DC4BE5
:10AB9000F5F782FC0E460B46DA496FF035048E421B
:10ABA000024674DC4FEA2658C6F3130606F5152153
:10ABB000A8F2FF3801F6647101F48011A04408EB9B
:10ABC000115881F07F5181F4401141EA060310468B
:10ABD00019460022CC4BF5F7A7FAB31CC3F31303B5
:10ABE000022B82468B464FF0000257DC0023F5F71C
:10ABF000BBFE002840F0F180ADA3D3E9002350460E
:10AC00005946F5F749FC02460B460020BF49F5F7C7
:10AC10008BFA524604460D465B4650465946F5F7B8
:10AC20003BFC02460B4620462946F5F735FC044618
:10AC30000D46B8F1000F00F001814046F5F7C2FB68
:10AC4000804689469CA3D3E90023F5F725FC9CA305
:10AC5000D3E9002306460F4640464946F5F71CFC5B
:10AC600002460B4620462946F5F75EFA52465B46F9
:10AC7000F5F75AFA02460B4630463946F5F754FACC
:10AC800007B0BDE8F08F9F4900248E428ADD104650
:10AC90001946F5F74BFA07B0BDE8F08F4FF0804347
:10ACA000F5F744FA02460B4650465946F5F71EFDA5
:10ACB000044640460D46F5F785FB22462B46CDE976
:10ACC000040120462946CDE90245F5F7E5FB024699
:10ACD0000B46CDE90023F5F7DFFB7BA3D3E9002387
:10ACE00004460D46F5F7D8FB79A3D3E90023F5F721
:10ACF0001DFA22462B46F5F7CFFB77A3D3E90023B5
:10AD0000F5F714FA22462B46F5F7C6FB74A3D3E9F0
:10AD10000023F5F70BFADDE90023F5F7BDFB72A37D
:10AD2000D3E90023CDE9000120462946F5F7B4FB1D
:10AD30006FA3D3E90023F5F7F9F922462B46F5F77F
:10AD4000ABFB6DA3D3E90023F5F7F0F922462B46C0
:10AD5000F5F7A2FB0B460246DDE90001F5F7E6F93F
:10AD6000A6F5C227C6F5D723A7F27A4751333B434E
:10AD7000002B06460F464DDD0022644B50465946D7
:10AD8000F5F78AFB52465B46F5F786FB04460D460F
:10AD90003046394622462B46F5F7C8F9DDE902234D
:10ADA000F5F77AFB06460F46B8F1000F56D102467A
:10ADB0000B4620462946F5F7B7F902460B465046A2
:10ADC0005946F5F7B1F966E7002200230020504903
:10ADD000F5F78CFC07B0BDE8F08FB8F1000F62D03A
:10ADE0004046F5F7EFFA34A3D3E9002306460F46B1
:10ADF000F5F752FB32A3D3E9002304460D46304653
:10AE00003946F5F749FB02460B4620462946F5F739
:10AE10008DF940E702460B4650465946F5F784F94E
:10AE2000DDE90223F5F738FB04460D46B8F1000FC3
:10AE300004D0DDE904894046494603E722462B4613
:10AE400050465946F5F770F907B0BDE8F08FF5F7B1
:10AE50006BF900220023F5F749FC1CE7DDE904014A
:10AE600015A3D3E90023F5F717FB15A3D3E90023B6
:10AE700080468946DDE90401F5F70EFB32463B4684
:10AE8000F5F754F902460B4620462946F5F74CF9EA
:10AE900052465B46F5F748F902460B46404649469E
:10AEA000F5F742F9F7E600200021F4E6AFF3008061
:10AEB000555555555555D53F0000E0FE422EE63F0D
:10AEC000763C7935EF39EA3D44523EDF12F1C23F1C
:10AED000DE03CB966446C73F599322942449D23F60
:10AEE000935555555555E53F9FC678D0099AC33FB0
:10AEF000AF788E1DC571CC3F04FA97999999D93FC7
:10AF000000005043FFFFEF7F0000F03F0000E03FF4
:10AF1000000050C32DE9F047089D0E4604468E46BA
:10AF2000002B4CD18A429446B2FA82F362D953B1D3
:10AF300002FA03FCC3F1200201FA03FE20FA02F236
:10AF400042EA0E0E9C404FEA1C47BEFBF7F11FFA87
:10AF50008CF607FB11EE01FB06F0220C42EA0E42D2
:10AF600090420AD91CEB020201F1FF3E80F00E81F3
:10AF7000904240F20B8102396244121AB2FBF7F0A0
:10AF800007FB102200FB06F6A4B244EA0244A642E4
:10AF90000AD91CEB040400F1FF3280F0F980A642CC
:10AFA00040F2F6806444023840EA01400021A41BCC
:10AFB0001DB1DC400023C5E90043BDE8F0878B42AA
:10AFC00005D90DB1C5E9000100210846F5E7B3FA3E
:10AFD00083F1002942D1B34202D3824200F2EE80D3
:10AFE000841A66EB030201209646002DE5D0C5E9E0
:10AFF000004EE2E7002B40F08C80881A0121170CEC
:10B0000096B2B0FBF7FE07FB1E00220C42EA00429C
:10B0100006FB0EF0904208D91CEB02020EF1FF383D
:10B0200002D2904200F2CC80C646121AB2FBF7F070
:10B0300007FB102200FB06F6A4B244EA0244A64233
:10B0400008D91CEB040400F1FF3202D2A64200F240
:10B05000B2801046A41B40EA0E40A9E7C1F12007C8
:10B060008B4022FA07FC4CEA030C26FA07FA4FEA57
:10B070001C48BAFBF8FE06FA01F308FB1EAA1FFAE9
:10B080008CF620FA07F400FA01F90EFB06F02343D0
:10B090001C0C44EA0A44A04202FA01F20BD91CEB50
:10B0A00004040EF1FF3A80F08480A04240F28180D7
:10B0B000AEF1020E6444241A98B2B4FBF8F308FB14
:10B0C000134403FB06F640EA0444A64208D91CEBED
:10B0D000040403F1FF3068D2A64266D9023B6444FF
:10B0E00043EA0E40A41BA0FB02E6B4427346B046FE
:10B0F00052D34FD05DB1B9EB030264EB080404FAFC
:10B1000007F722FA01F31F43CC40C5E90074002180
:10B1100053E702FA03FCC3F12000C1404FEA1C4789
:10B12000B1FBF7FE07FB1E1124FA00F09E403043EE
:10B13000020C1FFA8CF642EA01420EFB06F1914224
:10B1400004FA03F409D91CEB02020EF1FF382ED2E7
:10B1500091422CD9AEF1020E6244521AB2FBF7F1C1
:10B1600007FB112280B240EA024001FB06F2824254
:10B1700008D91CEB000001F1FF3814D2824212D929
:10B1800002396044801A41EA0E413AE77146F4E61A
:10B19000104609E7F145ADD2BEEB020366EB0C06A3
:10B1A0000138B046A6E74146ECE7034698E7C646B5
:10B1B000D3E7D6467FE7644402384BE7084614E7F6
:10B1C000AEF1020E624430E708B5FEF78DFB0000D9
:10B1D000F8B500BFF8BC08BC9E467047F8B500BF84
:08B1E000F8BC08BC9E46704754
:10B1E800202052462047656E657261746F72200098
:10B1F8002076312E3135203C53757279613E00201E
:10B20800204348414E4E454C204100205246204D97
:10B21800572D564846204F2F500020204348414E76
:10B228004E454C204120200020204348414E4E45A9
:10B238004C204220200020204348414E4E454C20BF
:10B24800432020002050574D20302D4D57204F2FA0
:10B2580050200020204348414E4E454C2044202099
:10B26800002020537765657020202020002046723A
:10B278006571205377656570657220200020205025
:10B28800726F67206D6F64652020002050726F67B1
:10B29800207573696E67206932630020204F7074CF
:10B2A800696F6E7320202000204D6F7265205365F2
:10B2B8007474696E6773200043484E412031303002
:10B2C80030687A20326D4100203030312E30304DD8
:10B2D800687A2045002530346400420043484E42D5
:10B2E8002031303030687A20326D410050574D207F
:10B2F80043484E430025004B687A002530326400ED
:10B3080050574D2043484E44000D0A002D256C64CB
:10B318002E25302A6C64002D256C6400232D302BDB
:10B328002000686C4C00656667454647003031323E
:10B338003334353637383941424344454600303195
:10B3480032333435363738396162636465660000F4
:10B35800000000000000000061330008ED890008CB
:10B368005532000859320008000204000300011099
:10B378000302000003020100060004000605002085
:10B38800060504000000000000000000773A0008ED
:10B39800B93A000855320008173C00082B39000854
:10B3A800333900084D390008218B0008438B000809
:10B3B800010202030405060708090A0B0C0D0E0F0B
:10B3C80010100201040302040810040040000004E5
:10B3D8000101000002020000040400000808000047
:10B3E8001010000020200000404000008080000075
:10B3F8000100010402000204040004040800080417
:10B408001000100420002004400040048000800444
:10B41800000000000102030400000000000000001A
:10B428000102030406070809000000000044004068
:10B43800120000000B00000000380140120000005C
:10B448001D00000000480040120B00001D01000014
:10B4580000480040120A0000FFFFFFFF0000000044
:10B468000000000001000000004400401208000035
:10B478000C00000000380140120000001E0000000F
:10B4880000480040120000001E0100000048004073
:10B49800120A0000FFFFFFFF00000000000000008C
:10B4A8000300000000440040100800000A000000EB
:10B4B8000038014010060000170000000038014065
:10B4C800100500001B0000000048004010000000AC
:10B4D800FFFFFFFF00000000000000000200000066
:10B4E8000044004012080000090000000038014034
:10B4F8001206000016000000003801401205000086
:10B508001A0000000048004012000000FFFFFFFF83
:10B5180000000000000000000000000000000040E3
:10B52800128000000001000000000040129000009E
:10B53800010000000000004012120100010100009B
:10B54800000000401210010002000000000000404E
:10B558001292010002010000000000401291010057
:10B568000300000000000040121202000301000066
:10B578000000004012110200060000000004004014
:10B588001295000007000000002C0140128D1000E9
:10B598000701000000040040121501000800000027
:10B5A800002C0140128E000008010000002C014010
:10B5B800128D000009000000002C0140120E01004D
:10B5C80009010000002C0140120D01000A000000D2
:10B5D800002C0140128E01000A010000002C0140DD
:10B5E800128D01000B000000002C0140120E020019
:10B5F8000B010000002C0140120D02000F0000009A
:10B6080000000040129100000F01000000000040FF
:10B61800128F000010000000002C0140120D1100D4
:10B628001001000000040040129501001002000003
:10B63800000400401294010011000000002C014099
:10B64800128D1100110100000004004012150200C3
:10B658001102000000040040121402001300000050
:10B66800000000401211010013010000000000401A
:10B67800120F0100140000000004004012940000A2
:10B68800150000000004004012140100160000001C
:10B698000008004012970000170000000008004052
:10B6A800121701001800000000080040129701005E
:10B6B8001900000000080040121702001A000000DC
:10B6C80000000040129001001A0100000000004034
:10B6D800128F01001B000000000000401210020041
:10B6E8001B01000000000040120F02001D000000B6
:10B6F800002C0140128E10001E000000002C01409A
:10B70800120E11001F000000002C0140128E1100C3
:10B71800FFFFFFFF0000000000000000160000000F
:10B72800005400400A0400001800000000540040C3
:10B738000A0300001A000000005800400A00000038
:10B74800FFFFFFFF000000000000000017000000DE
:10B75800005400400A040000190000000054004092
:10B768000A0300001B000000005800400A00000007
:10B77800FFFFFFFF000000000000000014000000B1
:10B788001500000016000000170000001800000057
:10B79800190000001A0000001B0000001C00000037
:10B7A8001D0000001900000018000000170000002C
:10B7B800160000001500000014000000130000002F
:10B7C8000F0000000C0000000B0000000A00000041
:10B7D80009000000080000001F0000001E00000013
:10B7E8001D0000001C0000002D0000002E000000BD
:10B7F8002F0000000000000001000000020000000F
:10B80800030000000400000005000000060000001E
:10B818000700000010000000110000001A000000DE
:10B828001B000000120000000D0000000E000000C8
:10B8380006000700080000000000000000000000EB
:10B848005F8600080D87000843860008EF88000817
:10B8580019860008A989000829860008218B000894
:10B86800438B00080000000059F3F8C21F6EA501C1
:08B87800000000000000F03F99
:08B880009048FF7F0100000069
:10B88800D58C0008B5110008B1150008113E000854
:08B8980035790008D989000888
:0CB8A000911100081D3E00080D7A000800
:10B8AC000000803F320000000000803F32000000AA
:10B8BC00E803000002000000010000000000803FCF
:10B8CC00E8030000E8030000020000000100000093
:10B8DC000000803FE80300007F00000000500000E3
:10B8EC0000000000000000000000000000F000005C
:10B8FC000000000013BB000000420000000000002C
:10B90C0001240000B00100000080000006000000CF
:10B91C00FFFF0000200000001E5F0000D622000088
:10B92C00130E000019000000002000000010111080
:10B93C001915190000040E1504041C000004081F3E
:10B94C00080400000004021F020400000010181C70
:10B95C001E1C1810000103070F0703011E00000036
:10B96C00C0FC9B01C0FC9B0100000000000000001B
:10B97C0000000000000000000100000010000000AA
:10B98C0000080140000C014000100140001401406F
:10B99C000018014000300240000000000024F400B8
:10B9AC0058070020080100200000000014060020A9
:10B9BC007C060020E40600200000000000000000CF
:10B9CC00000000000000000000000000000000006B
:10B9DC00000000000000000000000000000000005B
:10B9EC00000000000000000000000000000000004B
:04B9FC000000000047
:040000050800853931
:00000001FF
